Workbook
Name Art: #REF!
Name Art: #REF!
Name Art: #REF!
Name Art: #REF!
Name Art: #REF!
Name Art: #REF!
Name Art: #REF!
Name Art: #REF!
Name Art: #REF!
Name Art: #REF!
Name Art: #REF!
Name Art: #REF!
Name Art: #REF!
Name Art: #REF!
Name Art: #REF!
Name Art: #REF!
Name Art: #REF!
Name Art: #REF!
Name Art: #REF!
Name Art: #REF!
Name Art: #REF!
Name Art: #REF!
Name Art: #REF!
Name Art: #REF!
Name Art: #REF!
Name Art: #REF!
Name Art: #REF!
Name Art: #REF!
Name Art: #REF!
Name Art: #REF!
Name Art: #REF!
Name Art: #REF!
Name Art: #REF!
Name Art: #REF!
Name Art: #REF!
Name Art: #REF!
Name Art: #REF!
Name Art: #REF!
Name Art: #REF!
Name Art: #REF!
Name Art: #REF!
Name Art: #REF!
Name Art: #REF!
Name Art: #REF!
Name Art: #REF!
Name Art: #REF!
Name Art: #REF!
Name Art: #REF!
Name codart: #REF!
Name codart: #REF!
Name codart: #REF!
Name codart: #REF!
Name codart: #REF!
Name codart: #REF!
Name codart: #REF!
Name codart: #REF!
Name codart: #REF!
Name codart: #REF!
Name codart: #REF!
Name codart: #REF!

Sheet 361KP
A1: FOUR DESIGN (PVT.) LTD
A2: A 100% Export Oriented Knit Garments
A3: Plot # S - 7 & S - 8, BSCIC, I/E, Fatullah, Narayanganj.
A5: PACKING LIST
A7: BUYER | E7: : | F7: PACIFIC COLLECTIONS | U7: Date:
A8: ORDER NO | E8: : | F8: 53920
A9: ITEM CODE | E9: : | F9: 361KP
A10: ITEM NAME | E10: : | F10: Sheep Flash Mob
A11: ORDER QTY. | E11: : | F11: 1470
A12: SHIPPEPD QTY. | E12: : | F12: =M33 -> 1481
A13: EXCESS/SHORT QTY. | E13: : | F13: =F12-F11 -> 11
A14: CTN QTY. | E14: : | F14: =N29 -> 21
A15: FABRICATION | E15: : | F15: 100% Cotton, 150 GSM.
A17: CTN NO. | D17: COLOR | G17: SIZE | M17: PCS/CTN | N17: TOTAL CTN | O17: TOTAL QTY | P17: CTN MEAS. | S17: WEIGHT (KGS) | U17: WEIGHT (KGS)
G18: 2 | H18: 4 | I18: 6 | J18: 8 | K18: 10 | L18: 12 | P18: L | Q18: W | R18: H | S18: N.W. | T18: G.W | U18: TTL N.W | V18: TTL G.W
A19: 1 | B19: - | C19: =N19 -> 3 | D19: Opal Green | G19: 80 | M19: =SUM(G19:L19) -> 80 | N19: 3 | O19: =M19*N19 -> 240 | P19: 51 | Q19: 28 | R19: 22 | S19: 5.05 | T19: =S19+0.9 -> 5.95 | U19: =S19*N19 -> 15.15 | V19: =T19*N19 -> 17.85
A20: =C19+1 -> 4 | B20: - | C20: =C19+N20 -> 7 | H20: 80 | M20: =SUM(G20:L20) -> 80 | N20: 4 | O20: =M20*N20 -> 320 | S20: 5.7 | T20: =S20+0.9 -> 6.6 | U20: =S20*N20 -> 22.8 | V20: =T20*N20 -> 26.4
A21: =C20+1 -> 8 | B21: - | C21: =C20+N21 -> 12 | I21: 70 | M21: =SUM(G21:L21) -> 70 | N21: 5 | O21: =M21*N21 -> 350 | S21: 5.8 | T21: =S21+0.9 -> 6.7 | U21: =S21*N21 -> 29 | V21: =T21*N21 -> 33.5
A22: =C21+1 -> 13 | B22: - | C22: =C21+N22 -> 15 | J22: 70 | M22: =SUM(G22:L22) -> 70 | N22: 3 | O22: =M22*N22 -> 210 | S22: 6.5 | T22: =S22+0.9 -> 7.4 | U22: =S22*N22 -> 19.5 | V22: =T22*N22 -> 22.2
A23: =C22+1 -> 16 | B23: - | C23: =C22+N23 -> 18 | K23: 60 | M23: =SUM(G23:L23) -> 60 | N23: 3 | O23: =M23*N23 -> 180 | S23: 6.3 | T23: =S23+0.9 -> 7.2 | U23: =S23*N23 -> 18.9 | V23: =T23*N23 -> 21.6
A24: =C23+1 -> 19 | B24: - | C24: =C23+N24 -> 19 | G24: 65 | M24: =SUM(G24:L24) -> 65 | N24: 1 | O24: =M24*N24 -> 65 | S24: 4.1 | T24: =S24+0.9 -> 5 | U24: =S24*N24 -> 4.1 | V24: =T24*N24 -> 5
A25: =C24+1 -> 20 | B25: - | C25: =C24+N25 -> 20 | H25: 38 | J25: 38 | M25: =SUM(G25:L25) -> 76 | N25: 1 | O25: =M25*N25 -> 76 | S25: 6.25 | T25: =S25+0.9 -> 7.15 | U25: =S25*N25 -> 6.25 | V25: =T25*N25 -> 7.15
A26: =C25+1 -> 21 | B26: - | C26: =C25+N26 -> 21 | K26: 40 | M26: =SUM(G26:L26) -> 40 | N26: 1 | O26: =M26*N26 -> 40 | S26: 4.2 | T26: =S26+0.9 -> 5.1 | U26: =S26*N26 -> 4.2 | V26: =T26*N26 -> 5.1
A27: TOTAL | G27: =O19+G24 -> 305 | H27: =O20+H25 -> 358 | I27: =O21+I26 -> 350 | J27: =O22+J25 -> 248 | K27: =O23+K26 -> 220 | N27: =SUM(N19:N26) -> 21 | O27: =SUM(O19:O26) -> 1481 | P27: =(P19*Q19*R19)/1000000*N27 -> 0.659736 | U27: =SUM(U19:U26) -> 119.9 | V27: =SUM(V19:V26) -> 138.8
A29: GRAND TOTAL | N29: =N27 -> 21 | O29: =O27 -> 1481 | P29: =P27 -> 0.659736 | U29: =U27 -> 119.9 | V29: =V27 -> 138.8
A31: ORDER & SHIP QTY | D31: =D17 -> COLOR | G31: =G18 -> 2 | H31: =H18 -> 4 | I31: =I18 -> 6 | J31: =J18 -> 8 | K31: =K18 -> 10 | L31: =L18 -> 12 | M31: TOTAL
A32: ORDER QTY. | D32: =D19 -> Opal Green | G32: 300 | H32: 350 | I32: 350 | J32: 250 | K32: 220 | M32: =G32+H32+I32+J32+K32+L32 -> 1470
A33: SHIP QTY. | G33: =G27 -> 305 | H33: =H27 -> 358 | I33: =I27 -> 350 | J33: =J27 -> 248 | K33: =K27 -> 220 | M33: =G33+H33+I33+J33+K33+L33 -> 1481

Sheet 364KP
A1: FOUR DESIGN (PVT.) LTD
A2: A 100% Export Oriented Knit Garments
A3: Plot # S - 7 & S - 8, BSCIC, I/E, Fatullah, Narayanganj.
A5: PACKING LIST
A7: BUYER | E7: : | F7: PACIFIC COLLECTIONS | U7: Date:
A8: ORDER NO | E8: : | F8: 53920
A9: ITEM CODE | E9: : | F9: 364KP
A10: ITEM NAME | E10: : | F10: Kiwi Flash Mob
A11: ORDER QTY. | E11: : | F11: 1700
A12: SHIPPEPD QTY. | E12: : | F12: =M33 -> 1738
A13: EXCESS/SHORT QTY. | E13: : | F13: =F12-F11 -> 38
A14: CTN QTY. | E14: : | F14: =N29 -> 25
A15: FABRICATION | E15: : | F15: 100% Cotton, 150 GSM.
A17: CTN NO. | D17: COLOR | G17: SIZE | M17: PCS/CTN | N17: TOTAL CTN | O17: TOTAL QTY | P17: CTN MEAS. | S17: WEIGHT (KGS) | U17: WEIGHT (KGS)
G18: 2 | H18: 4 | I18: 6 | J18: 8 | K18: 10 | L18: 12 | P18: L | Q18: W | R18: H | S18: N.W. | T18: G.W | U18: TTL N.W | V18: TTL G.W
A19: 1 | B19: - | C19: =N19 -> 4 | D19: Sky Blue | G19: 80 | M19: =SUM(G19:L19) -> 80 | N19: 4 | O19: =M19*N19 -> 320 | P19: 51 | Q19: 28 | R19: 22 | S19: 5.1 | T19: =S19+0.9 -> 6 | U19: =S19*N19 -> 20.4 | V19: =T19*N19 -> 24
A20: =C19+1 -> 5 | B20: - | C20: =C19+N20 -> 7 | H20: 80 | M20: =SUM(G20:L20) -> 80 | N20: 3 | O20: =M20*N20 -> 240 | S20: 5.7 | T20: =S20+0.9 -> 6.6 | U20: =S20*N20 -> 17.1 | V20: =T20*N20 -> 19.8
A21: =C20+1 -> 8 | B21: - | C21: =C20+N21 -> 12 | I21: 70 | M21: =SUM(G21:L21) -> 70 | N21: 5 | O21: =M21*N21 -> 350 | S21: 5.8 | T21: =S21+0.9 -> 6.7 | U21: =S21*N21 -> 29 | V21: =T21*N21 -> 33.5
A22: =C21+1 -> 13 | B22: - | C22: =C21+N22 -> 17 | J22: 70 | M22: =SUM(G22:L22) -> 70 | N22: 5 | O22: =M22*N22 -> 350 | S22: 6.6 | T22: =S22+0.9 -> 7.5 | U22: =S22*N22 -> 33 | V22: =T22*N22 -> 37.5
A23: =C22+1 -> 18 | B23: - | C23: =C22+N23 -> 22 | K23: 60 | M23: =SUM(G23:L23) -> 60 | N23: 5 | O23: =M23*N23 -> 300 | S23: 6.4 | T23: =S23+0.9 -> 7.3 | U23: =S23*N23 -> 32 | V23: =T23*N23 -> 36.5
A24: =C23+1 -> 23 | B24: - | C24: =C23+N24 -> 23 | H24: 62 | M24: =SUM(G24:L24) -> 62 | N24: 1 | O24: =M24*N24 -> 62 | S24: 4.5 | T24: =S24+0.9 -> 5.4 | U24: =S24*N24 -> 4.5 | V24: =T24*N24 -> 5.4
A25: =C24+1 -> 24 | B25: - | C25: =C24+N25 -> 24 | I25: 62 | M25: =SUM(G25:L25) -> 62 | N25: 1 | O25: =M25*N25 -> 62 | S25: 5.1 | T25: =S25+0.9 -> 6 | U25: =S25*N25 -> 5.1 | V25: =T25*N25 -> 6
A26: =C25+1 -> 25 | B26: - | C26: =C25+N26 -> 25 | G26: 35 | J26: 13 | K26: 6 | M26: =SUM(G26:L26) -> 54 | N26: 1 | O26: =M26*N26 -> 54 | S26: 4.2 | T26: =S26+0.9 -> 5.1 | U26: =S26*N26 -> 4.2 | V26: =T26*N26 -> 5.1
A27: TOTAL | G27: =O19+G26 -> 355 | H27: =O20+H24 -> 302 | I27: =O21+I25 -> 412 | J27: =O22+J26 -> 363 | K27: =O23+K26 -> 306 | N27: =SUM(N19:N26) -> 25 | O27: =SUM(O19:O26) -> 1738 | P27: =(P19*Q19*R19)/1000000*N27 -> 0.7854 | U27: =SUM(U19:U26) -> 145.3 | V27: =SUM(V19:V26) -> 167.8
A29: GRAND TOTAL | N29: =N27 -> 25 | O29: =O27 -> 1738 | P29: =P27 -> 0.7854 | U29: =U27 -> 145.3 | V29: =V27 -> 167.8
A31: ORDER & SHIP QTY | D31: =D17 -> COLOR | G31: =G18 -> 2 | H31: =H18 -> 4 | I31: =I18 -> 6 | J31: =J18 -> 8 | K31: =K18 -> 10 | L31: =L18 -> 12 | M31: TOTAL
A32: ORDER QTY. | D32: =D19 -> Sky Blue | G32: 350 | H32: 300 | I32: 400 | J32: 350 | K32: 300 | M32: =G32+H32+I32+J32+K32+L32 -> 1700
A33: SHIP QTY. | G33: =G27 -> 355 | H33: =H27 -> 302 | I33: =I27 -> 412 | J33: =J27 -> 363 | K33: =K27 -> 306 | L33: =L27 -> 0 | M33: =G33+H33+I33+J33+K33+L33 -> 1738

Sheet 368KP
A1: FOUR DESIGN (PVT.) LTD
A2: A 100% Export Oriented Knit Garments
A3: Plot # S - 7 & S - 8, BSCIC, I/E, Fatullah, Narayanganj.
A5: PACKING LIST
A7: BUYER | E7: : | F7: PACIFIC COLLECTIONS | U7: Date:
A8: ORDER NO | E8: : | F8: 53920
A9: ITEM CODE | E9: : | F9: 368KP
A10: ITEM NAME | E10: : | F10: Floral Kiwi
A11: ORDER QTY. | E11: : | F11: 1500
A12: SHIPPEPD QTY. | E12: : | F12: =M32 -> 1531
A13: EXCESS/SHORT QTY. | E13: : | F13: =F12-F11 -> 31
A14: CTN QTY. | E14: : | F14: =N28 -> 21
A15: FABRICATION | E15: : | F15: 100% Cotton, 150 GSM.
A17: CTN NO. | D17: COLOR | G17: SIZE | M17: PCS/CTN | N17: TOTAL CTN | O17: TOTAL QTY | P17: CTN MEAS. | S17: WEIGHT (KGS) | U17: WEIGHT (KGS)
G18: 2 | H18: 4 | I18: 6 | J18: 8 | K18: 10 | L18: 12 | P18: L | Q18: W | R18: H | S18: N.W. | T18: G.W | U18: TTL N.W | V18: TTL G.W
A19: 1 | B19: - | C19: =N19 -> 3 | D19: Lilac | G19: 80 | M19: =SUM(G19:L19) -> 80 | N19: 3 | O19: =M19*N19 -> 240 | P19: 51 | Q19: 28 | R19: 22 | S19: 4.9 | T19: =S19+0.9 -> 5.8 | U19: =S19*N19 -> 14.7 | V19: =T19*N19 -> 17.4
A20: =C19+1 -> 4 | B20: - | C20: =C19+N20 -> 6 | H20: 80 | M20: =SUM(G20:L20) -> 80 | N20: 3 | O20: =M20*N20 -> 240 | S20: 5.35 | T20: =S20+0.9 -> 6.25 | U20: =S20*N20 -> 16.05 | V20: =T20*N20 -> 18.75
A21: =C20+1 -> 7 | B21: - | C21: =C20+N21 -> 11 | I21: 70 | M21: =SUM(G21:L21) -> 70 | N21: 5 | O21: =M21*N21 -> 350 | S21: 5.45 | T21: =S21+0.9 -> 6.35 | U21: =S21*N21 -> 27.25 | V21: =T21*N21 -> 31.75
A22: =C21+1 -> 12 | B22: - | C22: =C21+N22 -> 15 | J22: 70 | M22: =SUM(G22:L22) -> 70 | N22: 4 | O22: =M22*N22 -> 280 | S22: 6.3 | T22: =S22+0.9 -> 7.2 | U22: =S22*N22 -> 25.2 | V22: =T22*N22 -> 28.8
A23: =C22+1 -> 16 | B23: - | C23: =C22+N23 -> 19 | K23: 60 | M23: =SUM(G23:L23) -> 60 | N23: 4 | O23: =M23*N23 -> 240 | S23: 6.05 | T23: =S23+0.9 -> 6.95 | U23: =S23*N23 -> 24.2 | V23: =T23*N23 -> 27.8
A24: =C23+1 -> 20 | B24: - | C24: =C23+N24 -> 20 | H24: 63 | K24: 16 | M24: =SUM(G24:L24) -> 79 | N24: 1 | O24: =M24*N24 -> 79 | S24: 6.2 | T24: =S24+0.9 -> 7.1 | U24: =S24*N24 -> 6.2 | V24: =T24*N24 -> 7.1
A25: =C24+1 -> 21 | B25: - | C25: =C24+N25 -> 21 | G25: 65 | I25: 13 | J25: 24 | M25: =SUM(G25:L25) -> 102 | N25: 1 | O25: =M25*N25 -> 102 | S25: 7 | T25: =S25+0.9 -> 7.9 | U25: =S25*N25 -> 7 | V25: =T25*N25 -> 7.9
A26: TOTAL | G26: =O19+G25 -> 305 | H26: =O20+H24 -> 303 | I26: =O21+I25 -> 363 | J26: =O22+J25 -> 304 | K26: =O23+K24 -> 256 | N26: =SUM(N19:N25) -> 21 | O26: =SUM(O19:O25) -> 1531 | P26: =(P19*Q19*R19)/1000000*N26 -> 0.659736 | U26: =SUM(U19:U25) -> 120.6 | V26: =SUM(V19:V25) -> 139.5
A28: GRAND TOTAL | N28: =N26 -> 21 | O28: =O26 -> 1531 | P28: =P26 -> 0.659736 | U28: =U26 -> 120.6 | V28: =V26 -> 139.5
A30: ORDER & SHIP QTY | D30: =D17 -> COLOR | G30: =G18 -> 2 | H30: =H18 -> 4 | I30: =I18 -> 6 | J30: =J18 -> 8 | K30: =K18 -> 10 | L30: =L18 -> 12 | M30: TOTAL
A31: ORDER QTY. | D31: =D19 -> Lilac | G31: 300 | H31: 300 | I31: 350 | J31: 300 | K31: 250 | M31: =G31+H31+I31+J31+K31+L31 -> 1500
A32: SHIP QTY. | G32: =G26 -> 305 | H32: =H26 -> 303 | I32: =I26 -> 363 | J32: =J26 -> 304 | K32: =K26 -> 256 | M32: =G32+H32+I32+J32+K32+L32 -> 1531

Sheet 378KP
A1: FOUR DESIGN (PVT.) LTD
A2: A 100% Export Oriented Knit Garments
A3: Plot # S - 7 & S - 8, BSCIC, I/E, Fatullah, Narayanganj.
A5: PACKING LIST
A7: BUYER | E7: : | F7: PACIFIC COLLECTIONS | U7: Date:
A8: ORDER NO | E8: : | F8: 53920
A9: ITEM CODE | E9: : | F9: 378KP
A10: ITEM NAME | E10: : | F10: Kiwi Batik
A11: ORDER QTY. | E11: : | F11: 2150
A12: SHIPPEPD QTY. | E12: : | F12: =M33 -> 2181
A13: EXCESS/SHORT QTY. | E13: : | F13: =F12-F11 -> 31
A14: CTN QTY. | E14: : | F14: =N29 -> 31
A15: FABRICATION | E15: : | F15: 100% Cotton, 150 GSM.
A17: CTN NO. | D17: COLOR | G17: SIZE | M17: PCS/CTN | N17: TOTAL CTN | O17: TOTAL QTY | P17: CTN MEAS. | S17: WEIGHT (KGS) | U17: WEIGHT (KGS)
G18: 2 | H18: 4 | I18: 6 | J18: 8 | K18: 10 | L18: 12 | P18: L | Q18: W | R18: H | S18: N.W. | T18: G.W | U18: TTL N.W | V18: TTL G.W
A19: 1 | B19: - | C19: =N19 -> 4 | D19: Hot Pink | G19: 80 | M19: =SUM(G19:L19) -> 80 | N19: 4 | O19: =M19*N19 -> 320 | P19: 51 | Q19: 28 | R19: 22 | S19: 5.1 | T19: =S19+0.9 -> 6 | U19: =S19*N19 -> 20.4 | V19: =T19*N19 -> 24
A20: =C19+1 -> 5 | B20: - | C20: =C19+N20 -> 9 | H20: 80 | M20: =SUM(G20:L20) -> 80 | N20: 5 | O20: =M20*N20 -> 400 | S20: 5.7 | T20: =S20+0.9 -> 6.6 | U20: =S20*N20 -> 28.5 | V20: =T20*N20 -> 33
A21: =C20+1 -> 10 | B21: - | C21: =C20+N21 -> 13 | I21: 70 | M21: =SUM(G21:L21) -> 70 | N21: 4 | O21: =M21*N21 -> 280 | S21: 5.8 | T21: =S21+0.9 -> 6.7 | U21: =S21*N21 -> 23.2 | V21: =T21*N21 -> 26.8
A22: =C21+1 -> 14 | B22: - | C22: =C21+N22 -> 18 | J22: 70 | M22: =SUM(G22:L22) -> 70 | N22: 5 | O22: =M22*N22 -> 350 | S22: 6.6 | T22: =S22+0.9 -> 7.5 | U22: =S22*N22 -> 33 | V22: =T22*N22 -> 37.5
A23: =C22+1 -> 19 | B23: - | C23: =C22+N23 -> 24 | K23: 60 | M23: =SUM(G23:L23) -> 60 | N23: 6 | O23: =M23*N23 -> 360 | S23: 6.4 | T23: =S23+0.9 -> 7.3 | U23: =S23*N23 -> 38.4 | V23: =T23*N23 -> 43.8
A24: =C23+1 -> 25 | B24: - | C24: =C23+N24 -> 29 | L24: 60 | M24: =SUM(G24:L24) -> 60 | N24: 5 | O24: =M24*N24 -> 300 | S24: 6.3 | T24: =S24+0.9 -> 7.2 | U24: =S24*N24 -> 31.5 | V24: =T24*N24 -> 36
A25: =C24+1 -> 30 | B25: - | C25: =C24+N25 -> 30 | G25: 15 | H25: 48 | J25: 25 | L25: 8 | M25: =SUM(G25:L25) -> 96 | N25: 1 | O25: =M25*N25 -> 96 | S25: 7.1 | T25: =S25+0.9 -> 8 | U25: =S25*N25 -> 7.1 | V25: =T25*N25 -> 8
A26: =C25+1 -> 31 | B26: - | C26: =C25+N26 -> 31 | I26: 27 | K26: 48 | M26: =SUM(G26:L26) -> 75 | N26: 1 | O26: =M26*N26 -> 75 | S26: 6.5 | T26: =S26+0.9 -> 7.4 | U26: =S26*N26 -> 6.5 | V26: =T26*N26 -> 7.4
A27: TOTAL | G27: =O19+G25 -> 335 | H27: =O20+H25 -> 448 | I27: =O21+I26 -> 307 | J27: =O22+J25 -> 375 | K27: =O23+K26 -> 408 | L27: =O24+L25 -> 308 | N27: =SUM(N19:N26) -> 31 | O27: =SUM(O19:O26) -> 2181 | P27: =(P19*Q19*R19)/1000000*N27 -> 0.973896 | U27: =SUM(U19:U26) -> 188.6 | V27: =SUM(V19:V26) -> 216.5
A29: GRAND TOTAL | N29: =N27 -> 31 | O29: =O27 -> 2181 | P29: =P27 -> 0.973896 | U29: =U27 -> 188.6 | V29: =V27 -> 216.5
A31: ORDER & SHIP QTY | D31: =D17 -> COLOR | G31: =G18 -> 2 | H31: =H18 -> 4 | I31: =I18 -> 6 | J31: =J18 -> 8 | K31: =K18 -> 10 | L31: =L18 -> 12 | M31: TOTAL
A32: ORDER QTY. | D32: =D19 -> Hot Pink | G32: 350 | H32: 450 | I32: 300 | J32: 350 | K32: 400 | L32: 300 | M32: =G32+H32+I32+J32+K32+L32 -> 2150
A33: SHIP QTY. | G33: =G27 -> 335 | H33: =H27 -> 448 | I33: =I27 -> 307 | J33: =J27 -> 375 | K33: =K27 -> 408 | L33: =L27 -> 308 | M33: =G33+H33+I33+J33+K33+L33 -> 2181

Sheet 682WK
A1: FOUR DESIGN (PVT.) LTD
A2: A 100% Export Oriented Knit Garments
A3: Plot # S - 7 & S - 8, BSCIC, I/E, Fatullah, Narayanganj.
A5: PACKING LIST
A7: BUYER | E7: : | F7: PACIFIC COLLECTIONS | U7: Date:
A8: ORDER NO | E8: : | F8: 53920
A9: ITEM CODE | E9: : | F9: 682WK
A10: ITEM NAME | E10: : | F10: Paddle birding
A11: ORDER QTY. | E11: : | F11: 1000
A12: SHIPPEPD QTY. | E12: : | F12: =M34 -> 1013
A13: EXCESS/SHORT QTY. | E13: : | F13: =F12-F11 -> 13
A14: CTN QTY. | E14: : | F14: =N30 -> 16
A15: FABRICATION | E15: : | F15: 100% Cotton, 180 GSM.
A17: CTN NO. | D17: COLOR | G17: SIZE | M17: PCS/CTN | N17: TOTAL CTN | O17: TOTAL QTY | P17: CTN MEAS. | S17: WEIGHT (KGS) | U17: WEIGHT (KGS)
G18: 2 | H18: 4 | I18: 6 | J18: 8 | K18: 10 | L18: 12 | P18: L | Q18: W | R18: H | S18: N.W. | T18: G.W | U18: TTL N.W | V18: TTL G.W
A19: 1 | B19: - | C19: =N19 -> 2 | D19: Surf Blue | G19: 80 | M19: =SUM(G19:L19) -> 80 | N19: 2 | O19: =M19*N19 -> 160 | P19: 51 | Q19: 28 | R19: 22 | S19: 5.5 | T19: =S19+0.9 -> 6.4 | U19: =S19*N19 -> 11 | V19: =T19*N19 -> 12.8
A20: =C19+1 -> 3 | B20: - | C20: =C19+N20 -> 4 | H20: 80 | M20: =SUM(G20:L20) -> 80 | N20: 2 | O20: =M20*N20 -> 160 | S20: 6.1 | T20: =S20+0.9 -> 7 | U20: =S20*N20 -> 12.2 | V20: =T20*N20 -> 14
A21: =C20+1 -> 5 | B21: - | C21: =C20+N21 -> 6 | I21: 70 | M21: =SUM(G21:L21) -> 70 | N21: 2 | O21: =M21*N21 -> 140 | S21: 6.3 | T21: =S21+0.9 -> 7.2 | U21: =S21*N21 -> 12.6 | V21: =T21*N21 -> 14.4
A22: =C21+1 -> 7 | B22: - | C22: =C21+N22 -> 9 | J22: 60 | M22: =SUM(G22:L22) -> 60 | N22: 3 | O22: =M22*N22 -> 180 | S22: 6.1 | T22: =S22+0.9 -> 7 | U22: =S22*N22 -> 18.3 | V22: =T22*N22 -> 21
A23: =C22+1 -> 10 | B23: - | C23: =C22+N23 -> 11 | K23: 55 | M23: =SUM(G23:L23) -> 55 | N23: 2 | O23: =M23*N23 -> 110 | S23: 6.4 | T23: =S23+0.9 -> 7.3 | U23: =S23*N23 -> 12.8 | V23: =T23*N23 -> 14.6
A24: =C23+1 -> 12 | B24: - | C24: =C23+N24 -> 13 | L24: 50 | M24: =SUM(G24:L24) -> 50 | N24: 2 | O24: =M24*N24 -> 100 | S24: 6.6 | T24: =S24+0.9 -> 7.5 | U24: =S24*N24 -> 13.2 | V24: =T24*N24 -> 15
A25: =C24+1 -> 14 | B25: - | C25: =C24+N25 -> 14 | H25: 56 | M25: =SUM(G25:L25) -> 56 | N25: 1 | O25: =M25*N25 -> 56 | S25: 5.1 | T25: =S25+0.9 -> 6 | U25: =S25*N25 -> 5.1 | V25: =T25*N25 -> 6
A26: =C25+1 -> 15 | B26: - | C26: =C25+N26 -> 15 | I26: 67 | M26: =SUM(G26:L26) -> 67 | N26: 1 | O26: =M26*N26 -> 67 | S26: 6 | T26: =S26+0.9 -> 6.9 | U26: =S26*N26 -> 6 | V26: =T26*N26 -> 6.9
A27: =C26+1 -> 16 | B27: - | C27: =C26+N27 -> 16 | G27: 29 | J27: 3 | K27: 6 | L27: 2 | M27: =SUM(G27:L27) -> 40 | N27: 1 | O27: =M27*N27 -> 40 | S27: 3 | T27: =S27+0.9 -> 3.9 | U27: =S27*N27 -> 3 | V27: =T27*N27 -> 3.9
A28: TOTAL | G28: =O19+G27 -> 189 | H28: =O20+H25 -> 216 | I28: =O21+I26 -> 207 | J28: =O22+J27 -> 183 | K28: =O23+K27 -> 116 | L28: =O24+L27 -> 102 | N28: =SUM(N19:N27) -> 16 | O28: =SUM(O19:O27) -> 1013 | P28: =(P19*Q19*R19)/1000000*N28 -> 0.502656 | U28: =SUM(U19:U27) -> 94.2 | V28: =SUM(V19:V27) -> 108.6
A30: GRAND TOTAL | N30: =N28 -> 16 | O30: =O28 -> 1013 | P30: =P28 -> 0.502656 | U30: =U28 -> 94.2 | V30: =V28 -> 108.6
A32: ORDER & SHIP QTY | D32: =D17 -> COLOR | G32: =G18 -> 2 | H32: =H18 -> 4 | I32: =I18 -> 6 | J32: =J18 -> 8 | K32: =K18 -> 10 | L32: =L18 -> 12 | M32: TOTAL
A33: ORDER QTY. | D33: =D19 -> Surf Blue | G33: 200 | H33: 210 | I33: 200 | J33: 180 | K33: 110 | L33: 100 | M33: =G33+H33+I33+J33+K33+L33 -> 1000
A34: SHIP QTY. | G34: =G28 -> 189 | H34: =H28 -> 216 | I34: =I28 -> 207 | J34: =J28 -> 183 | K34: =K28 -> 116 | L34: =L28 -> 102 | M34: =G34+H34+I34+J34+K34+L34 -> 1013

Sheet 683WK
A1: FOUR DESIGN (PVT.) LTD
A2: A 100% Export Oriented Knit Garments
A3: Plot # S - 7 & S - 8, BSCIC, I/E, Fatullah, Narayanganj.
A5: PACKING LIST
A7: BUYER | E7: : | F7: PACIFIC COLLECTIONS | U7: Date:
A8: ORDER NO | E8: : | F8: 53920
A9: ITEM CODE | E9: : | F9: 683WK
A10: ITEM NAME | E10: : | F10: Combi
A11: ORDER QTY. | E11: : | F11: 1370
A12: SHIPPEPD QTY. | E12: : | F12: =M32 -> 1415
A13: EXCESS/SHORT QTY. | E13: : | F13: =F12-F11 -> 45
A14: CTN QTY. | E14: : | F14: =N28 -> 20
A15: FABRICATION | E15: : | F15: 60% Cotton, 40% polyester, 180 GSM.
A17: CTN NO. | D17: COLOR | G17: SIZE | M17: PCS/CTN | N17: TOTAL CTN | O17: TOTAL QTY | P17: CTN MEAS. | S17: WEIGHT (KGS) | U17: WEIGHT (KGS)
G18: 2 | H18: 4 | I18: 6 | J18: 8 | K18: 10 | L18: 12 | P18: L | Q18: W | R18: H | S18: N.W. | T18: G.W | U18: TTL N.W | V18: TTL G.W
A19: 1 | B19: - | C19: =N19 -> 2 | D19: Blue Marl | G19: 75 | M19: =SUM(G19:L19) -> 75 | N19: 2 | O19: =M19*N19 -> 150 | P19: 51 | Q19: 28 | R19: 22 | S19: 5.6 | T19: =S19+0.9 -> 6.5 | U19: =S19*N19 -> 11.2 | V19: =T19*N19 -> 13
A20: =C19+1 -> 3 | B20: - | C20: =C19+N20 -> 7 | H20: 80 | M20: =SUM(G20:L20) -> 80 | N20: 5 | O20: =M20*N20 -> 400 | S20: 6.7 | T20: =S20+0.9 -> 7.6 | U20: =S20*N20 -> 33.5 | V20: =T20*N20 -> 38
A21: =C20+1 -> 8 | B21: - | C21: =C20+N21 -> 11 | I21: 75 | M21: =SUM(G21:L21) -> 75 | N21: 4 | O21: =M21*N21 -> 300 | S21: 7.2 | T21: =S21+0.9 -> 8.1 | U21: =S21*N21 -> 28.8 | V21: =T21*N21 -> 32.4
A22: =C21+1 -> 12 | B22: - | C22: =C21+N22 -> 14 | J22: 70 | M22: =SUM(G22:L22) -> 70 | N22: 3 | O22: =M22*N22 -> 210 | S22: 7.7 | T22: =S22+0.9 -> 8.6 | U22: =S22*N22 -> 23.1 | V22: =T22*N22 -> 25.8
A23: =C22+1 -> 15 | B23: - | C23: =C22+N23 -> 18 | K23: 60 | M23: =SUM(G23:L23) -> 60 | N23: 4 | O23: =M23*N23 -> 240 | S23: 7.6 | T23: =S23+0.9 -> 8.5 | U23: =S23*N23 -> 30.4 | V23: =T23*N23 -> 34
A24: =C23+1 -> 19 | B24: - | C24: =C23+N24 -> 19 | J24: 49 | L24: 24 | M24: =SUM(G24:L24) -> 73 | N24: 1 | O24: =M24*N24 -> 73 | S24: 8.9 | T24: =S24+0.9 -> 9.8 | U24: =S24*N24 -> 8.9 | V24: =T24*N24 -> 9.8
A25: =C24+1 -> 20 | B25: - | C25: =C24+N25 -> 20 | H25: 12 | I25: 10 | K25: 20 | M25: =SUM(G25:L25) -> 42 | N25: 1 | O25: =M25*N25 -> 42 | S25: 4.6 | T25: =S25+0.9 -> 5.5 | U25: =S25*N25 -> 4.6 | V25: =T25*N25 -> 5.5
A26: TOTAL | G26: =O19+G25 -> 150 | H26: =O20+H25 -> 412 | I26: =O21+I25 -> 310 | J26: =O22+J24 -> 259 | K26: =O23+K25 -> 260 | L26: =L24 -> 24 | N26: =SUM(N19:N25) -> 20 | O26: =SUM(O19:O25) -> 1415 | P26: =(P19*Q19*R19)/1000000*N26 -> 0.62832 | U26: =SUM(U19:U25) -> 140.5 | V26: =SUM(V19:V25) -> 158.5
A28: GRAND TOTAL | N28: =N26 -> 20 | O28: =O26 -> 1415 | P28: =P26 -> 0.62832 | U28: =U26 -> 140.5 | V28: =V26 -> 158.5
A30: ORDER & SHIP QTY | D30: =D17 -> COLOR | G30: =G18 -> 2 | H30: =H18 -> 4 | I30: =I18 -> 6 | J30: =J18 -> 8 | K30: =K18 -> 10 | L30: =L18 -> 12 | M30: TOTAL
A31: ORDER QTY. | D31: =D19 -> Blue Marl | G31: 150 | H31: 400 | I31: 300 | J31: 250 | K31: 250 | L31: 20 | M31: =G31+H31+I31+J31+K31+L31 -> 1370
A32: SHIP QTY. | G32: =G26 -> 150 | H32: =H26 -> 412 | I32: =I26 -> 310 | J32: =J26 -> 259 | K32: =K26 -> 260 | L32: =L26 -> 24 | M32: =G32+H32+I32+J32+K32+L32 -> 1415

Sheet 685WK
A1: FOUR DESIGN (PVT.) LTD
A2: A 100% Export Oriented Knit Garments
A3: Plot # S - 7 & S - 8, BSCIC, I/E, Fatullah, Narayanganj.
A5: PACKING LIST
A7: BUYER | E7: : | F7: PACIFIC COLLECTIONS | U7: Date:
A8: ORDER NO | E8: : | F8: 53920
A9: ITEM CODE | E9: : | F9: 685WK
A10: ITEM NAME | E10: : | F10: Two Kiwi
A11: ORDER QTY. | E11: : | F11: 1500
A12: SHIPPEPD QTY. | E12: : | F12: =M34 -> 1539
A13: EXCESS/SHORT QTY. | E13: : | F13: =F12-F11 -> 39
A14: CTN QTY. | E14: : | F14: =N30 -> 22
A15: FABRICATION | E15: : | F15: 100% Cotton, 180 GSM.
A17: CTN NO. | D17: COLOR | G17: SIZE | M17: PCS/CTN | N17: TOTAL CTN | O17: TOTAL QTY | P17: CTN MEAS. | S17: WEIGHT (KGS) | U17: WEIGHT (KGS)
G18: 2 | H18: 4 | I18: 6 | J18: 8 | K18: 10 | L18: 12 | P18: L | Q18: W | R18: H | S18: N.W. | T18: G.W | U18: TTL N.W | V18: TTL G.W
A19: 1 | B19: - | C19: =N19 -> 3 | D19: Coral | G19: 80 | M19: =SUM(G19:L19) -> 80 | N19: 3 | O19: =M19*N19 -> 240 | P19: 51 | Q19: 28 | R19: 22 | S19: 5.1 | T19: =S19+0.9 -> 6 | U19: =S19*N19 -> 15.3 | V19: =T19*N19 -> 18
A20: =C19+1 -> 4 | B20: - | C20: =C19+N20 -> 6 | H20: 80 | M20: =SUM(G20:L20) -> 80 | N20: 3 | O20: =M20*N20 -> 240 | S20: 5.7 | T20: =S20+0.9 -> 6.6 | U20: =S20*N20 -> 17.1 | V20: =T20*N20 -> 19.8
A21: =C20+1 -> 7 | B21: - | C21: =C20+N21 -> 10 | I21: 75 | M21: =SUM(G21:L21) -> 75 | N21: 4 | O21: =M21*N21 -> 300 | S21: 5.8 | T21: =S21+0.9 -> 6.7 | U21: =S21*N21 -> 23.2 | V21: =T21*N21 -> 26.8
A22: =C21+1 -> 11 | B22: - | C22: =C21+N22 -> 13 | J22: 70 | M22: =SUM(G22:L22) -> 70 | N22: 3 | O22: =M22*N22 -> 210 | S22: 6.6 | T22: =S22+0.9 -> 7.5 | U22: =S22*N22 -> 19.8 | V22: =T22*N22 -> 22.5
A23: =C22+1 -> 14 | B23: - | C23: =C22+N23 -> 16 | K23: 65 | M23: =SUM(G23:L23) -> 65 | N23: 3 | O23: =M23*N23 -> 195 | S23: 6.4 | T23: =S23+0.9 -> 7.3 | U23: =S23*N23 -> 19.2 | V23: =T23*N23 -> 21.9
A24: =C23+1 -> 17 | B24: - | C24: =C23+N24 -> 19 | L24: 60 | M24: =SUM(G24:L24) -> 60 | N24: 3 | O24: =M24*N24 -> 180 | S24: 6.3 | T24: =S24+0.9 -> 7.2 | U24: =S24*N24 -> 18.9 | V24: =T24*N24 -> 21.6
A25: =C24+1 -> 20 | B25: - | C25: =C24+N25 -> 20 | H25: 70 | M25: =SUM(G25:L25) -> 70 | N25: 1 | O25: =M25*N25 -> 70 | S25: 6.5 | T25: =S25+0.9 -> 7.4 | U25: =S25*N25 -> 6.5 | V25: =T25*N25 -> 7.4
A26: =C25+1 -> 21 | B26: - | C26: =C25+N26 -> 21 | G26: 13 | L26: 29 | M26: =SUM(G26:L26) -> 42 | N26: 1 | O26: =M26*N26 -> 42 | S26: 2.8 | T26: =S26+0.9 -> 3.7 | U26: =S26*N26 -> 2.8 | V26: =T26*N26 -> 3.7
A27: =C26+1 -> 22 | B27: - | C27: =C26+N27 -> 22 | J27: 50 | K27: 12 | M27: =SUM(G27:L27) -> 62 | N27: 1 | O27: =M27*N27 -> 62 | S27: 6.1 | T27: =S27+0.9 -> 7 | U27: =S27*N27 -> 6.1 | V27: =T27*N27 -> 7
A28: TOTAL | G28: =O19+G26 -> 253 | H28: =O20+H25 -> 310 | I28: =O21+I26 -> 300 | J28: =O22+J27 -> 260 | K28: =O23+K27 -> 207 | L28: =O24+L26 -> 209 | N28: =SUM(N19:N27) -> 22 | O28: =SUM(O19:O27) -> 1539 | P28: =(P19*Q19*R19)/1000000*N28 -> 0.691152 | U28: =SUM(U19:U27) -> 128.9 | V28: =SUM(V19:V27) -> 148.7
A30: GRAND TOTAL | N30: =N28 -> 22 | O30: =O28 -> 1539 | P30: =P28 -> 0.691152 | U30: =U28 -> 128.9 | V30: =V28 -> 148.7
A32: ORDER & SHIP QTY | D32: =D17 -> COLOR | G32: =G18 -> 2 | H32: =H18 -> 4 | I32: =I18 -> 6 | J32: =J18 -> 8 | K32: =K18 -> 10 | L32: =L18 -> 12 | M32: TOTAL
A33: ORDER QTY. | D33: =D19 -> Coral | G33: 250 | H33: 300 | I33: 300 | J33: 250 | K33: 200 | L33: 200 | M33: =G33+H33+I33+J33+K33+L33 -> 1500
A34: SHIP QTY. | G34: =G28 -> 253 | H34: =H28 -> 310 | I34: =I28 -> 300 | J34: =J28 -> 260 | K34: =K28 -> 207 | L34: =L28 -> 209 | M34: =G34+H34+I34+J34+K34+L34 -> 1539

Sheet 688WK
A1: FOUR DESIGN (PVT.) LTD
A2: A 100% Export Oriented Knit Garments
A3: Plot # S - 7 & S - 8, BSCIC, I/E, Fatullah, Narayanganj.
A5: PACKING LIST
A7: BUYER | E7: : | F7: PACIFIC COLLECTIONS | U7: Date:
A8: ORDER NO | E8: : | F8: 53920
A9: ITEM CODE | E9: : | F9: 688WK
A10: ITEM NAME | E10: : | F10: Billion Star Hotel
A11: ORDER QTY. | E11: : | F11: 1550
A12: SHIPPEPD QTY. | E12: : | F12: =M32 -> 1569
A13: EXCESS/SHORT QTY. | E13: : | F13: =F12-F11 -> 19
A14: CTN QTY. | E14: : | F14: =N28 -> 22
A15: FABRICATION | E15: : | F15: 100% Cotton, 180 GSM.
A17: CTN NO. | D17: COLOR | G17: SIZE | M17: PCS/CTN | N17: TOTAL CTN | O17: TOTAL QTY | P17: CTN MEAS. | S17: WEIGHT (KGS) | U17: WEIGHT (KGS)
G18: 2 | H18: 4 | I18: 6 | J18: 8 | K18: 10 | L18: 12 | P18: L | Q18: W | R18: H | S18: N.W. | T18: G.W | U18: TTL N.W | V18: TTL G.W
A19: 1 | B19: - | C19: =N19 -> 4 | D19: Black | G19: 80 | M19: =SUM(G19:L19) -> 80 | N19: 4 | O19: =M19*N19 -> 320 | P19: 51 | Q19: 28 | R19: 22 | S19: 5.1 | T19: =S19+0.9 -> 6 | U19: =S19*N19 -> 20.4 | V19: =T19*N19 -> 24
A20: =C19+1 -> 5 | B20: - | C20: =C19+N20 -> 8 | H20: 80 | M20: =SUM(G20:L20) -> 80 | N20: 4 | O20: =M20*N20 -> 320 | S20: 5.7 | T20: =S20+0.9 -> 6.6 | U20: =S20*N20 -> 22.8 | V20: =T20*N20 -> 26.4
A21: =C20+1 -> 9 | B21: - | C21: =C20+N21 -> 13 | I21: 70 | M21: =SUM(G21:L21) -> 70 | N21: 5 | O21: =M21*N21 -> 350 | S21: 5.8 | T21: =S21+0.9 -> 6.7 | U21: =S21*N21 -> 29 | V21: =T21*N21 -> 33.5
A22: =C21+1 -> 14 | B22: - | C22: =C21+N22 -> 16 | J22: 70 | M22: =SUM(G22:L22) -> 70 | N22: 3 | O22: =M22*N22 -> 210 | S22: 6.6 | T22: =S22+0.9 -> 7.5 | U22: =S22*N22 -> 19.8 | V22: =T22*N22 -> 22.5
A23: =C22+1 -> 17 | B23: - | C23: =C22+N23 -> 20 | K23: 60 | M23: =SUM(G23:L23) -> 60 | N23: 4 | O23: =M23*N23 -> 240 | S23: 6.4 | T23: =S23+0.9 -> 7.3 | U23: =S23*N23 -> 25.6 | V23: =T23*N23 -> 29.2
A24: =C23+1 -> 21 | B24: - | C24: =C23+N24 -> 21 | G24: 28 | H24: 35 | I24: 8 | M24: =SUM(G24:L24) -> 71 | N24: 1 | O24: =M24*N24 -> 71 | S24: 5.8 | T24: =S24+0.9 -> 6.7 | U24: =S24*N24 -> 5.8 | V24: =T24*N24 -> 6.7
A25: =C24+1 -> 22 | B25: - | C25: =C24+N25 -> 22 | J25: 49 | K25: 9 | M25: =SUM(G25:L25) -> 58 | N25: 1 | O25: =M25*N25 -> 58 | S25: 4.6 | T25: =S25+0.9 -> 5.5 | U25: =S25*N25 -> 4.6 | V25: =T25*N25 -> 5.5
A26: TOTAL | G26: =O19+G24 -> 348 | H26: =O20+H24 -> 355 | I26: =O21+I24 -> 358 | J26: =O22+J25 -> 259 | K26: =O23+K25 -> 249 | N26: =SUM(N19:N25) -> 22 | O26: =SUM(O19:O25) -> 1569 | P26: =(P19*Q19*R19)/1000000*N26 -> 0.691152 | U26: =SUM(U19:U25) -> 128 | V26: =SUM(V19:V25) -> 147.8
A28: GRAND TOTAL | N28: =N26 -> 22 | O28: =O26 -> 1569 | P28: =P26 -> 0.691152 | U28: =U26 -> 128 | V28: =V26 -> 147.8
A30: ORDER & SHIP QTY | D30: =D17 -> COLOR | G30: =G18 -> 2 | H30: =H18 -> 4 | I30: =I18 -> 6 | J30: =J18 -> 8 | K30: =K18 -> 10 | L30: =L18 -> 12 | M30: TOTAL
A31: ORDER QTY. | D31: =D19 -> Black | G31: 350 | H31: 350 | I31: 350 | J31: 250 | K31: 250 | M31: =G31+H31+I31+J31+K31+L31 -> 1550
A32: SHIP QTY. | G32: =G26 -> 348 | H32: =H26 -> 355 | I32: =I26 -> 358 | J32: =J26 -> 259 | K32: =K26 -> 249 | L32: =L26 -> 0 | M32: =G32+H32+I32+J32+K32+L32 -> 1569

Sheet 220DF
A1: FOUR DESIGN (PVT.) LTD
A2: A 100% Export Oriented Knit Garments
A3: Plot # S - 7 & S - 8, BSCIC, I/E, Fatullah, Narayanganj.
A5: PACKING LIST
A7: BUYER | E7: : | F7: PACIFIC COLLECTIONS | U7: Date:
A8: ORDER NO | E8: : | F8: 53920
A9: ITEM CODE | E9: : | F9: 220DF
A10: ITEM NAME | E10: : | F10: Dry Fit Polo Shirt
A11: ORDER QTY. | E11: : | F11: 1200
A12: SHIPPEPD QTY. | E12: : | F12: =M33 -> 1243
A13: EXCESS/SHORT QTY. | E13: : | F13: =F12-F11 -> 43
A14: CTN QTY. | E14: : | F14: =N29 -> 33
A15: FABRICATION | E15: : | F15: 100% Polyester, 180 GSM.
A17: CTN NO. | D17: COLOR | G17: SIZE | M17: PCS/CTN | N17: TOTAL CTN | O17: TOTAL QTY | P17: CTN MEAS. | S17: WEIGHT (KGS) | U17: WEIGHT (KGS)
G18: S | H18: M | I18: L | J18: XL | K18: XXL | L18: 3XL | P18: L | Q18: W | R18: H | S18: N.W. | T18: G.W | U18: TTL N.W | V18: TTL G.W
A19: 1 | B19: - | C19: =N19 -> 3 | D19: Black/Grey | G19: 45 | M19: =SUM(G19:L19) -> 45 | N19: 3 | O19: =M19*N19 -> 135 | P19: 55 | Q19: 35 | R19: 26 | S19: 9.7 | T19: =S19+1.2 -> 10.9 | U19: =S19*N19 -> 29.1 | V19: =T19*N19 -> 32.7
A20: =C19+1 -> 4 | B20: - | C20: =C19+N20 -> 9 | H20: 40 | M20: =SUM(G20:L20) -> 40 | N20: 6 | O20: =M20*N20 -> 240 | S20: 9.2 | T20: =S20+1.2 -> 10.4 | U20: =S20*N20 -> 55.2 | V20: =T20*N20 -> 62.4
A21: =C20+1 -> 10 | B21: - | C21: =C20+N21 -> 16 | I21: 40 | M21: =SUM(G21:L21) -> 40 | N21: 7 | O21: =M21*N21 -> 280 | S21: 9.5 | T21: =S21+1.2 -> 10.7 | U21: =S21*N21 -> 66.5 | V21: =T21*N21 -> 74.9
A22: =C21+1 -> 17 | B22: - | C22: =C21+N22 -> 25 | J22: 35 | M22: =SUM(G22:L22) -> 35 | N22: 9 | O22: =M22*N22 -> 315 | S22: 8.5 | T22: =S22+1.2 -> 9.7 | U22: =S22*N22 -> 76.5 | V22: =T22*N22 -> 87.3
A23: =C22+1 -> 26 | B23: - | C23: =C22+N23 -> 30 | K23: 35 | M23: =SUM(G23:L23) -> 35 | N23: 5 | O23: =M23*N23 -> 175 | S23: 9.6 | T23: =S23+1.2 -> 10.8 | U23: =S23*N23 -> 48 | V23: =T23*N23 -> 54
A24: =C23+1 -> 31 | B24: - | C24: =C23+N24 -> 31 | J24: 25 | M24: =SUM(G24:L24) -> 25 | N24: 1 | O24: =M24*N24 -> 25 | S24: 5.2 | T24: =S24+1.2 -> 6.4 | U24: =S24*N24 -> 5.2 | V24: =T24*N24 -> 6.4
A25: =C24+1 -> 32 | B25: - | C25: =C24+N25 -> 32 | G25: 18 | K25: 13 | M25: =SUM(G25:L25) -> 31 | N25: 1 | O25: =M25*N25 -> 31 | S25: 7.8 | T25: =S25+1.2 -> 9 | U25: =S25*N25 -> 7.8 | V25: =T25*N25 -> 9
A26: =C25+1 -> 33 | B26: - | C26: =C25+N26 -> 33 | H26: 13 | I26: 29 | M26: =SUM(G26:L26) -> 42 | N26: 1 | O26: =M26*N26 -> 42 | S26: 9.8 | T26: =S26+1.2 -> 11 | U26: =S26*N26 -> 9.8 | V26: =T26*N26 -> 11
A27: TOTAL | G27: =O19+G25 -> 153 | H27: =O20+H26 -> 253 | I27: =O21+I26 -> 309 | J27: =O22+J24 -> 340 | K27: =O23+K25 -> 188 | N27: =SUM(N19:N26) -> 33 | O27: =SUM(O19:O26) -> 1243 | P27: =(P19*Q19*R19)/1000000*N27 -> 1.65165 | U27: =SUM(U19:U26) -> 298.1 | V27: =SUM(V19:V26) -> 337.7
A29: GRAND TOTAL | N29: =N27 -> 33 | O29: =O27 -> 1243 | P29: =P27 -> 1.65165 | U29: =U27 -> 298.1 | V29: =V27 -> 337.7
A31: ORDER & SHIP QTY | D31: =D17 -> COLOR | G31: =G18 -> S | H31: =H18 -> M | I31: =I18 -> L | J31: =J18 -> XL | K31: =K18 -> XXL | L31: =L18 -> 3XL | M31: TOTAL
A32: ORDER QTY. | D32: =D19 -> Black/Grey | G32: 150 | H32: 240 | I32: 300 | J32: 330 | K32: 180 | M32: =G32+H32+I32+J32+K32+L32 -> 1200
A33: SHIP QTY. | G33: =G27 -> 153 | H33: =H27 -> 253 | I33: =I27 -> 309 | J33: =J27 -> 340 | K33: =K27 -> 188 | L33: =L27 -> 0 | M33: =G33+H33+I33+J33+K33+L33 -> 1243

Sheet 221DF
A1: FOUR DESIGN (PVT.) LTD
A2: A 100% Export Oriented Knit Garments
A3: Plot # S - 7 & S - 8, BSCIC, I/E, Fatullah, Narayanganj.
A5: PACKING LIST
A7: BUYER | E7: : | F7: PACIFIC COLLECTIONS | U7: Date:
A8: ORDER NO | E8: : | F8: 53920
A9: ITEM CODE | E9: : | F9: 221DF
A10: ITEM NAME | E10: : | F10: Ta Moko Dry Fit Polo
A11: ORDER QTY. | E11: : | F11: 1560
A12: SHIPPEPD QTY. | E12: : | F12: =M33 -> 1427
A13: EXCESS/SHORT QTY. | E13: : | F13: =F12-F11 -> -133
A14: CTN QTY. | E14: : | F14: =N29 -> 38
A15: FABRICATION | E15: : | F15: 100% Polyester, 180 GSM.
A17: CTN NO. | D17: COLOR | G17: SIZE | M17: PCS/CTN | N17: TOTAL CTN | O17: TOTAL QTY | P17: CTN MEAS. | S17: WEIGHT (KGS) | U17: WEIGHT (KGS)
G18: S | H18: M | I18: L | J18: XL | K18: XXL | L18: 3XL | P18: L | Q18: W | R18: H | S18: N.W. | T18: G.W | U18: TTL N.W | V18: TTL G.W
A19: 1 | B19: - | C19: =N19 -> 4 | D19: Navy | G19: 45 | M19: =SUM(G19:L19) -> 45 | N19: 4 | O19: =M19*N19 -> 180 | P19: 55 | Q19: 35 | R19: 26 | S19: 9.7 | T19: =S19+1.2 -> 10.9 | U19: =S19*N19 -> 38.8 | V19: =T19*N19 -> 43.6
A20: =C19+1 -> 5 | B20: - | C20: =C19+N20 -> 12 | H20: 40 | M20: =SUM(G20:L20) -> 40 | N20: 8 | O20: =M20*N20 -> 320 | S20: 9.2 | T20: =S20+1.2 -> 10.4 | U20: =S20*N20 -> 73.6 | V20: =T20*N20 -> 83.2
A21: =C20+1 -> 13 | B21: - | C21: =C20+N21 -> 20 | I21: 40 | M21: =SUM(G21:L21) -> 40 | N21: 8 | O21: =M21*N21 -> 320 | S21: 9.5 | T21: =S21+1.2 -> 10.7 | U21: =S21*N21 -> 76 | V21: =T21*N21 -> 85.6
A22: =C21+1 -> 21 | B22: - | C22: =C21+N22 -> 29 | J22: 35 | M22: =SUM(G22:L22) -> 35 | N22: 9 | O22: =M22*N22 -> 315 | S22: 8.5 | T22: =S22+1.2 -> 9.7 | U22: =S22*N22 -> 76.5 | V22: =T22*N22 -> 87.3
A23: =C22+1 -> 30 | B23: - | C23: =C22+N23 -> 35 | K23: 35 | M23: =SUM(G23:L23) -> 35 | N23: 6 | O23: =M23*N23 -> 210 | S23: 9.6 | T23: =S23+1.2 -> 10.8 | U23: =S23*N23 -> 57.6 | V23: =T23*N23 -> 64.8
A24: =C23+1 -> 36 | B24: - | C24: =C23+N24 -> 36 | I24: 24 | M24: =SUM(G24:L24) -> 24 | N24: 1 | O24: =M24*N24 -> 24 | S24: 8.1 | T24: =S24+1.2 -> 9.3 | U24: =S24*N24 -> 8.1 | V24: =T24*N24 -> 9.3
A25: =C24+1 -> 37 | B25: - | C25: =C24+N25 -> 37 | K25: 26 | M25: =SUM(G25:L25) -> 26 | N25: 1 | O25: =M25*N25 -> 26 | S25: 7.8 | T25: =S25+1.2 -> 9 | U25: =S25*N25 -> 7.8 | V25: =T25*N25 -> 9
A26: =C25+1 -> 38 | B26: - | C26: =C25+N26 -> 38 | G26: 19 | J26: 13 | M26: =SUM(G26:L26) -> 32 | N26: 1 | O26: =M26*N26 -> 32 | S26: 8.6 | T26: =S26+1.2 -> 9.8 | U26: =S26*N26 -> 8.6 | V26: =T26*N26 -> 9.8
A27: TOTAL | G27: =O19+G26 -> 199 | H27: =O20+H24 -> 320 | I27: =O21+I24 -> 344 | J27: =O22+J26 -> 328 | K27: =O23+K25 -> 236 | N27: =SUM(N19:N26) -> 38 | O27: =SUM(O19:O26) -> 1427 | P27: =(P19*Q19*R19)/1000000*N27 -> 1.9019 | U27: =SUM(U19:U26) -> 347 | V27: =SUM(V19:V26) -> 392.6
A29: GRAND TOTAL | N29: =N27 -> 38 | O29: =O27 -> 1427 | P29: =P27 -> 1.9019 | U29: =U27 -> 347 | V29: =V27 -> 392.6
A31: ORDER & SHIP QTY | D31: =D17 -> COLOR | G31: =G18 -> S | H31: =H18 -> M | I31: =I18 -> L | J31: =J18 -> XL | K31: =K18 -> XXL | L31: =L18 -> 3XL | M31: TOTAL
A32: ORDER QTY. | D32: =D19 -> Navy | G32: 230 | H32: 350 | I32: 350 | J32: 350 | K32: 280 | M32: =G32+H32+I32+J32+K32+L32 -> 1560
A33: SHIP QTY. | G33: =G27 -> 199 | H33: =H27 -> 320 | I33: =I27 -> 344 | J33: =J27 -> 328 | K33: =K27 -> 236 | L33: =L27 -> 0 | M33: =G33+H33+I33+J33+K33+L33 -> 1427

Sheet 271R
A1: FOUR DESIGN (PVT.) LTD
A2: A 100% Export Oriented Knit Garments
A3: Plot # S - 7 & S - 8, BSCIC, I/E, Fatullah, Narayanganj.
A5: PACKING LIST
A7: BUYER | E7: : | F7: PACIFIC COLLECTIONS | U7: Date:
A8: ORDER NO | E8: : | F8: 53920
A9: ITEM CODE | E9: : | F9: 271R
A10: ITEM NAME | E10: : | F10: Rugby Jersey
A11: ORDER QTY. | E11: : | F11: 1350
A12: SHIPPEPD QTY. | E12: : | F12: =M32 -> 1420
A13: EXCESS/SHORT QTY. | E13: : | F13: =F12-F11 -> 70
A14: CTN QTY. | E14: : | F14: =N28 -> 50
A15: FABRICATION | E15: : | F15: 60% Cotton, 40% Polyester, 300 GSM.
A17: CTN NO. | D17: COLOR | G17: SIZE | M17: PCS/CTN | N17: TOTAL CTN | O17: TOTAL QTY | P17: CTN MEAS. | S17: WEIGHT (KGS) | U17: WEIGHT (KGS)
G18: S | H18: M | I18: L | J18: XL | K18: XXL | L18: 3XL | P18: L | Q18: W | R18: H | S18: N.W. | T18: G.W | U18: TTL N.W | V18: TTL G.W
A19: 1 | B19: - | C19: =N19 -> 7 | D19: Black | G19: 35 | M19: =SUM(G19:L19) -> 35 | N19: 7 | O19: =M19*N19 -> 245 | P19: 55 | Q19: 35 | R19: 26 | S19: 11.9 | T19: =S19+1.2 -> 13.1 | U19: =S19*N19 -> 83.3 | V19: =T19*N19 -> 91.7
A20: =C19+1 -> 8 | B20: - | C20: =C19+N20 -> 18 | H20: 30 | M20: =SUM(G20:L20) -> 30 | N20: 11 | O20: =M20*N20 -> 330 | S20: 10.9 | T20: =S20+1.2 -> 12.1 | U20: =S20*N20 -> 119.9 | V20: =T20*N20 -> 133.1
A21: =C20+1 -> 19 | B21: - | C21: =C20+N21 -> 29 | I21: 30 | M21: =SUM(G21:L21) -> 30 | N21: 11 | O21: =M21*N21 -> 330 | S21: 11.5 | T21: =S21+1.2 -> 12.7 | U21: =S21*N21 -> 126.5 | V21: =T21*N21 -> 139.7
A22: =C21+1 -> 30 | B22: - | C22: =C21+N22 -> 40 | J22: 25 | M22: =SUM(G22:L22) -> 25 | N22: 11 | O22: =M22*N22 -> 275 | S22: 10.2 | T22: =S22+1.2 -> 11.4 | U22: =S22*N22 -> 112.2 | V22: =T22*N22 -> 125.4
A23: =C22+1 -> 41 | B23: - | C23: =C22+N23 -> 48 | K23: 25 | M23: =SUM(G23:L23) -> 25 | N23: 8 | O23: =M23*N23 -> 200 | S23: 10.7 | T23: =S23+1.2 -> 11.9 | U23: =S23*N23 -> 85.6 | V23: =T23*N23 -> 95.2
A24: =C23+1 -> 49 | B24: - | C24: =C23+N24 -> 49 | G24: 7 | I24: 14 | M24: =SUM(G24:L24) -> 21 | N24: 1 | O24: =M24*N24 -> 21 | S24: 8.8 | T24: =S24+1.2 -> 10 | U24: =S24*N24 -> 8.8 | V24: =T24*N24 -> 10
A25: =C24+1 -> 50 | B25: - | C25: =C24+N25 -> 50 | H25: 7 | J25: 7 | K25: 5 | M25: =SUM(G25:L25) -> 19 | N25: 1 | O25: =M25*N25 -> 19 | S25: 7.7 | T25: =S25+1.2 -> 8.9 | U25: =S25*N25 -> 7.7 | V25: =T25*N25 -> 8.9
A26: TOTAL | G26: =O19+G24 -> 252 | H26: =O20+H25 -> 337 | I26: =O21+I24 -> 344 | J26: =O22+J25 -> 282 | K26: =O23+K25 -> 205 | N26: =SUM(N19:N25) -> 50 | O26: =SUM(O19:O25) -> 1420 | P26: =(P19*Q19*R19)/1000000*N26 -> 2.5025 | U26: =SUM(U19:U25) -> 544 | V26: =SUM(V19:V25) -> 604
A28: GRAND TOTAL | N28: =N26 -> 50 | O28: =O26 -> 1420 | P28: =P26 -> 2.5025 | U28: =U26 -> 544 | V28: =V26 -> 604
A30: ORDER & SHIP QTY | D30: =D17 -> COLOR | G30: =G18 -> S | H30: =H18 -> M | I30: =I18 -> L | J30: =J18 -> XL | K30: =K18 -> XXL | L30: =L18 -> 3XL | M30: TOTAL
A31: ORDER QTY. | D31: =D19 -> Black | G31: 250 | H31: 300 | I31: 350 | J31: 270 | K31: 180 | M31: =G31+H31+I31+J31+K31+L31 -> 1350
A32: SHIP QTY. | G32: =G26 -> 252 | H32: =H26 -> 337 | I32: =I26 -> 344 | J32: =J26 -> 282 | K32: =K26 -> 205 | M32: =G32+H32+I32+J32+K32+L32 -> 1420

Sheet KMP58
A1: FOUR DESIGN (PVT.) LTD
A2: A 100% Export Oriented Knit Garments
A3: Plot # S - 7 & S - 8, BSCIC, I/E, Fatullah, Narayanganj.
A5: PACKING LIST
A7: BUYER | E7: : | F7: PACIFIC COLLECTIONS | U7: Date:
A8: ORDER NO | E8: : | F8: 53920
A9: ITEM CODE | E9: : | F9: KMP58
A10: ITEM NAME | E10: : | F10: Ngaru Polo Shirt
A11: ORDER QTY. | E11: : | F11: 1650
A12: SHIPPEPD QTY. | E12: : | F12: =M33 -> 1683
A13: EXCESS/SHORT QTY. | E13: : | F13: =F12-F11 -> 33
A14: CTN QTY. | E14: : | F14: =N29 -> 70
A15: FABRICATION | E15: : | F15: 100% Cotton, 250 GSM.
A17: CTN NO. | D17: COLOR | G17: SIZE | M17: PCS/CTN | N17: TOTAL CTN | O17: TOTAL QTY | P17: CTN MEAS. | S17: WEIGHT (KGS) | U17: WEIGHT (KGS)
G18: S | H18: M | I18: L | J18: XL | K18: XXL | L18: 3XL | P18: L | Q18: W | R18: H | S18: N.W. | T18: G.W | U18: TTL N.W | V18: TTL G.W
A19: 1 | B19: - | C19: =N19 -> 3 | D19: Navy | G19: 30 | M19: =SUM(G19:L19) -> 30 | N19: 3 | O19: =M19*N19 -> 90 | P19: 55 | Q19: 32 | R19: 26 | S19: 9.5 | T19: =S19+1.1 -> 10.6 | U19: =S19*N19 -> 28.5 | V19: =T19*N19 -> 31.8
A20: =C19+1 -> 4 | B20: - | C20: =C19+N20 -> 11 | H20: 30 | M20: =SUM(G20:L20) -> 30 | N20: 8 | O20: =M20*N20 -> 240 | S20: 10.1 | T20: =S20+1.1 -> 11.2 | U20: =S20*N20 -> 80.8 | V20: =T20*N20 -> 89.6
A21: =C20+1 -> 12 | B21: - | C21: =C20+N21 -> 27 | I21: 25 | M21: =SUM(G21:L21) -> 25 | N21: 16 | O21: =M21*N21 -> 400 | S21: 9 | T21: =S21+1.1 -> 10.1 | U21: =S21*N21 -> 144 | V21: =T21*N21 -> 161.6
A22: =C21+1 -> 28 | B22: - | C22: =C21+N22 -> 43 | J22: 25 | M22: =SUM(G22:L22) -> 25 | N22: 16 | O22: =M22*N22 -> 400 | S22: 9.4 | T22: =S22+1.1 -> 10.5 | U22: =S22*N22 -> 150.4 | V22: =T22*N22 -> 168
A23: =C22+1 -> 44 | B23: - | C23: =C22+N23 -> 58 | K23: 20 | M23: =SUM(G23:L23) -> 20 | N23: 15 | O23: =M23*N23 -> 300 | S23: 8.1 | T23: =S23+1.1 -> 9.2 | U23: =S23*N23 -> 121.5 | V23: =T23*N23 -> 138
A24: =C23+1 -> 59 | B24: - | C24: =C23+N24 -> 68 | L24: 20 | M24: =SUM(G24:L24) -> 20 | N24: 10 | O24: =M24*N24 -> 200 | S24: 8.6 | T24: =S24+1.1 -> 9.7 | U24: =S24*N24 -> 86 | V24: =T24*N24 -> 97
A25: =C24+1 -> 69 | B25: - | C25: =C24+N25 -> 69 | G25: 14 | H25: 11 | L25: 3 | M25: =SUM(G25:L25) -> 28 | N25: 1 | O25: =M25*N25 -> 28 | S25: 9.5 | T25: =S25+1.1 -> 10.6 | U25: =S25*N25 -> 9.5 | V25: =T25*N25 -> 10.6
A26: =C25+1 -> 70 | B26: - | C26: =C25+N26 -> 70 | I26: 4 | J26: 13 | K26: 8 | M26: =SUM(G26:L26) -> 25 | N26: 1 | O26: =M26*N26 -> 25 | S26: 9 | T26: =S26+1.1 -> 10.1 | U26: =S26*N26 -> 9 | V26: =T26*N26 -> 10.1
A27: TOTAL | G27: =O19+G25 -> 104 | H27: =O20+H25 -> 251 | I27: =O21+I26 -> 404 | J27: =O22+J26 -> 413 | K27: =O23+K26 -> 308 | L27: =O24+L25 -> 203 | N27: =SUM(N19:N26) -> 70 | O27: =SUM(O19:O26) -> 1683 | P27: =(P19*Q19*R19)/1000000*N27 -> 3.2032 | U27: =SUM(U19:U26) -> 629.7 | V27: =SUM(V19:V26) -> 706.7
A29: GRAND TOTAL | N29: =N27 -> 70 | O29: =O27 -> 1683 | P29: =P27 -> 3.2032 | U29: =U27 -> 629.7 | V29: =V27 -> 706.7
A31: ORDER & SHIP QTY | D31: =D17 -> COLOR | G31: =G18 -> S | H31: =H18 -> M | I31: =I18 -> L | J31: =J18 -> XL | K31: =K18 -> XXL | L31: =L18 -> 3XL | M31: TOTAL
A32: ORDER QTY. | D32: =D19 -> Navy | G32: 100 | H32: 250 | I32: 400 | J32: 400 | K32: 300 | L32: 200 | M32: =G32+H32+I32+J32+K32+L32 -> 1650
A33: SHIP QTY. | G33: =G27 -> 104 | H33: =H27 -> 251 | I33: =I27 -> 404 | J33: =J27 -> 413 | K33: =K27 -> 308 | L33: =L27 -> 203 | M33: =G33+H33+I33+J33+K33+L33 -> 1683

Sheet KMT41
A1: FOUR DESIGN (PVT.) LTD
A2: A 100% Export Oriented Knit Garments
A3: Plot # S - 7 & S - 8, BSCIC, I/E, Fatullah, Narayanganj.
A5: PACKING LIST
A7: BUYER | E7: : | F7: PACIFIC COLLECTIONS | U7: Date:
A8: ORDER NO | E8: : | F8: 53920
A9: ITEM CODE | E9: : | F9: KMT41
A10: ITEM NAME | E10: : | F10: Raumati Tee
A11: ORDER QTY. | E11: : | F11: 1430
A12: SHIPPEPD QTY. | E12: : | F12: =M34 -> 1470
A13: EXCESS/SHORT QTY. | E13: : | F13: =F12-F11 -> 40
A14: CTN QTY. | E14: : | F14: =N30 -> 29
A15: FABRICATION | E15: : | F15: 100% Cotton, 180 GSM.
A17: CTN NO. | D17: COLOR | G17: SIZE | M17: PCS/CTN | N17: TOTAL CTN | O17: TOTAL QTY | P17: CTN MEAS. | S17: WEIGHT (KGS) | U17: WEIGHT (KGS)
G18: S | H18: M | I18: L | J18: XL | K18: XXL | L18: 3XL | P18: L | Q18: W | R18: H | S18: N.W. | T18: G.W | U18: TTL N.W | V18: TTL G.W
A19: 1 | B19: - | C19: =N19 -> 3 | D19: Sage | G19: 60 | M19: =SUM(G19:L19) -> 60 | N19: 3 | O19: =M19*N19 -> 180 | P19: 55 | Q19: 35 | R19: 26 | S19: 10.9 | T19: =S19+1.2 -> 12.1 | U19: =S19*N19 -> 32.7 | V19: =T19*N19 -> 36.3
A20: =C19+1 -> 4 | B20: - | C20: =C19+N20 -> 8 | H20: 60 | M20: =SUM(G20:L20) -> 60 | N20: 5 | O20: =M20*N20 -> 300 | S20: 11.8 | T20: =S20+1.2 -> 13 | U20: =S20*N20 -> 59 | V20: =T20*N20 -> 65
A21: =C20+1 -> 9 | B21: - | C21: =C20+N21 -> 14 | I21: 50 | M21: =SUM(G21:L21) -> 50 | N21: 6 | O21: =M21*N21 -> 300 | S21: 9.8 | T21: =S21+1.2 -> 11 | U21: =S21*N21 -> 58.8 | V21: =T21*N21 -> 66
A22: =C21+1 -> 15 | B22: - | C22: =C21+N22 -> 19 | J22: 50 | M22: =SUM(G22:L22) -> 50 | N22: 5 | O22: =M22*N22 -> 250 | S22: 10.8 | T22: =S22+1.2 -> 12 | U22: =S22*N22 -> 54 | V22: =T22*N22 -> 60
A23: =C22+1 -> 20 | B23: - | C23: =C22+N23 -> 23 | K23: 45 | M23: =SUM(G23:L23) -> 45 | N23: 4 | O23: =M23*N23 -> 180 | S23: 10.7 | T23: =S23+1.2 -> 11.9 | U23: =S23*N23 -> 42.8 | V23: =T23*N23 -> 47.6
A24: =C23+1 -> 24 | B24: - | C24: =C23+N24 -> 26 | L24: 45 | M24: =SUM(G24:L24) -> 45 | N24: 3 | O24: =M24*N24 -> 135 | S24: 11.5 | T24: =S24+1.2 -> 12.7 | U24: =S24*N24 -> 34.5 | V24: =T24*N24 -> 38.1
A25: =C24+1 -> 27 | B25: - | C25: =C24+N25 -> 27 | G25: 42 | J25: 14 | M25: =SUM(G25:L25) -> 56 | N25: 1 | O25: =M25*N25 -> 56 | S25: 10.8 | T25: =S25+1.2 -> 12 | U25: =S25*N25 -> 10.8 | V25: =T25*N25 -> 12
A26: =C25+1 -> 28 | B26: - | C26: =C25+N26 -> 28 | H26: 11 | I26: 9 | L26: 19 | M26: =SUM(G26:L26) -> 39 | N26: 1 | O26: =M26*N26 -> 39 | S26: 10.9 | T26: =S26+1.2 -> 12.1 | U26: =S26*N26 -> 10.9 | V26: =T26*N26 -> 12.1
A27: =C26+1 -> 29 | B27: - | C27: =C26+N27 -> 29 | K27: 30 | M27: =SUM(G27:L27) -> 30 | N27: 1 | O27: =M27*N27 -> 30 | S27: 10.8 | T27: =S27+1.2 -> 12 | U27: =S27*N27 -> 10.8 | V27: =T27*N27 -> 12
A28: TOTAL | G28: =O19+G25 -> 222 | H28: =O20+H26 -> 311 | I28: =O21+I26 -> 309 | J28: =O22+J25 -> 264 | K28: =O23+K27 -> 210 | L28: =O24+L26 -> 154 | N28: =SUM(N19:N27) -> 29 | O28: =SUM(O19:O27) -> 1470 | P28: =(P19*Q19*R19)/1000000*N28 -> 1.45145 | U28: =SUM(U19:U27) -> 314.3 | V28: =SUM(V19:V27) -> 349.1
A30: GRAND TOTAL | N30: =N28 -> 29 | O30: =O28 -> 1470 | P30: =P28 -> 1.45145 | U30: =U28 -> 314.3 | V30: =V28 -> 349.1
A32: ORDER & SHIP QTY | D32: =D17 -> COLOR | G32: =G18 -> S | H32: =H18 -> M | I32: =I18 -> L | J32: =J18 -> XL | K32: =K18 -> XXL | L32: =L18 -> 3XL | M32: TOTAL
A33: ORDER QTY. | D33: =D19 -> Sage | G33: 220 | H33: 300 | I33: 300 | J33: 260 | K33: 200 | L33: 150 | M33: =G33+H33+I33+J33+K33+L33 -> 1430
A34: SHIP QTY. | G34: =G28 -> 222 | H34: =H28 -> 311 | I34: =I28 -> 309 | J34: =J28 -> 264 | K34: =K28 -> 210 | L34: =L28 -> 154 | M34: =G34+H34+I34+J34+K34+L34 -> 1470

Sheet KMT42
A1: FOUR DESIGN (PVT.) LTD
A2: A 100% Export Oriented Knit Garments
A3: Plot # S - 7 & S - 8, BSCIC, I/E, Fatullah, Narayanganj.
A5: PACKING LIST
A7: BUYER | E7: : | F7: PACIFIC COLLECTIONS | U7: Date:
A8: ORDER NO | E8: : | F8: 53920
A9: ITEM CODE | E9: : | F9: KMT42
A10: ITEM NAME | E10: : | F10: Ngaru
A11: ORDER QTY. | E11: : | F11: 1300
A12: SHIPPEPD QTY. | E12: : | F12: =M33 -> 1337
A13: EXCESS/SHORT QTY. | E13: : | F13: =F12-F11 -> 37
A14: CTN QTY. | E14: : | F14: =N29 -> 28
A15: FABRICATION | E15: : | F15: 100% Cotton, 180 GSM.
A17: CTN NO. | D17: COLOR | G17: SIZE | M17: PCS/CTN | N17: TOTAL CTN | O17: TOTAL QTY | P17: CTN MEAS. | S17: WEIGHT (KGS) | U17: WEIGHT (KGS)
G18: S | H18: M | I18: L | J18: XL | K18: XXL | L18: 3XL | P18: L | Q18: W | R18: H | S18: N.W. | T18: G.W | U18: TTL N.W | V18: TTL G.W
A19: 1 | B19: - | C19: =N19 -> 3 | D19: Teal | G19: 60 | M19: =SUM(G19:L19) -> 60 | N19: 3 | O19: =M19*N19 -> 180 | P19: 55 | Q19: 35 | R19: 26 | S19: 8.5 | T19: =S19+1.2 -> 9.7 | U19: =S19*N19 -> 25.5 | V19: =T19*N19 -> 29.1
A20: =C19+1 -> 4 | B20: - | C20: =C19+N20 -> 7 | H20: 60 | M20: =SUM(G20:L20) -> 60 | N20: 4 | O20: =M20*N20 -> 240 | S20: 9.2 | T20: =S20+1.2 -> 10.4 | U20: =S20*N20 -> 36.8 | V20: =T20*N20 -> 41.6
A21: =C20+1 -> 8 | B21: - | C21: =C20+N21 -> 12 | I21: 50 | M21: =SUM(G21:L21) -> 50 | N21: 5 | O21: =M21*N21 -> 250 | S21: 8.3 | T21: =S21+1.2 -> 9.5 | U21: =S21*N21 -> 41.5 | V21: =T21*N21 -> 47.5
A22: =C21+1 -> 13 | B22: - | C22: =C21+N22 -> 16 | J22: 50 | M22: =SUM(G22:L22) -> 50 | N22: 4 | O22: =M22*N22 -> 200 | S22: 8.8 | T22: =S22+1.2 -> 10 | U22: =S22*N22 -> 35.2 | V22: =T22*N22 -> 40
A23: =C22+1 -> 17 | B23: - | C23: =C22+N23 -> 21 | K23: 40 | M23: =SUM(G23:L23) -> 40 | N23: 5 | O23: =M23*N23 -> 200 | S23: 9.6 | T23: =S23+1.2 -> 10.8 | U23: =S23*N23 -> 48 | V23: =T23*N23 -> 54
A24: =C23+1 -> 22 | B24: - | C24: =C23+N24 -> 26 | L24: 40 | M24: =SUM(G24:L24) -> 40 | N24: 5 | O24: =M24*N24 -> 200 | S24: 9.7 | T24: =S24+1.2 -> 10.9 | U24: =S24*N24 -> 48.5 | V24: =T24*N24 -> 54.5
A25: =C24+1 -> 27 | B25: - | C25: =C24+N25 -> 27 | G25: 27 | I25: 9 | M25: =SUM(G25:L25) -> 36 | N25: 1 | O25: =M25*N25 -> 36 | S25: 3.6 | T25: =S25+1.2 -> 4.8 | U25: =S25*N25 -> 3.6 | V25: =T25*N25 -> 4.8
A26: =C25+1 -> 28 | B26: - | C26: =C25+N26 -> 28 | H26: 22 | J26: 2 | L26: 7 | M26: =SUM(G26:L26) -> 31 | N26: 1 | O26: =M26*N26 -> 31 | S26: 3.6 | T26: =S26+1.2 -> 4.8 | U26: =S26*N26 -> 3.6 | V26: =T26*N26 -> 4.8
A27: TOTAL | G27: =O19+G25 -> 207 | H27: =O20+H26 -> 262 | I27: =O21+I25 -> 259 | J27: =O22+J26 -> 202 | K27: =O23 -> 200 | L27: =O24+L26 -> 207 | N27: =SUM(N19:N26) -> 28 | O27: =SUM(O19:O26) -> 1337 | P27: =(P19*Q19*R19)/1000000*N27 -> 1.4014 | U27: =SUM(U19:U26) -> 242.7 | V27: =SUM(V19:V26) -> 276.3
A29: GRAND TOTAL | N29: =N27 -> 28 | O29: =O27 -> 1337 | P29: =P27 -> 1.4014 | U29: =U27 -> 242.7 | V29: =V27 -> 276.3
A31: ORDER & SHIP QTY | D31: =D17 -> COLOR | G31: =G18 -> S | H31: =H18 -> M | I31: =I18 -> L | J31: =J18 -> XL | K31: =K18 -> XXL | L31: =L18 -> 3XL | M31: TOTAL
A32: ORDER QTY. | D32: =D19 -> Teal | G32: 200 | H32: 250 | I32: 250 | J32: 200 | K32: 200 | L32: 200 | M32: =G32+H32+I32+J32+K32+L32 -> 1300
A33: SHIP QTY. | G33: =G27 -> 207 | H33: =H27 -> 262 | I33: =I27 -> 259 | J33: =J27 -> 202 | K33: =K27 -> 200 | L33: =L27 -> 207 | M33: =G33+H33+I33+J33+K33+L33 -> 1337

Sheet KWH88
A1: FOUR DESIGN (PVT.) LTD
A2: A 100% Export Oriented Knit Garments
A3: Plot # S - 7 & S - 8, BSCIC, I/E, Fatullah, Narayanganj.
A5: PACKING LIST
A7: BUYER | E7: : | F7: PACIFIC COLLECTIONS | U7: Date:
A8: ORDER NO | E8: : | F8: 53920
A9: ITEM CODE | E9: : | F9: KWH88
A10: ITEM NAME | E10: : | F10: Womens Kaha Hoodie
A11: ORDER QTY. | E11: : | F11: 1100
A12: SHIPPEPD QTY. | E12: : | F12: =M33 -> 1104
A13: EXCESS/SHORT QTY. | E13: : | F13: =F12-F11 -> 4
A14: CTN QTY. | E14: : | F14: =N29 -> 52
A15: FABRICATION | E15: : | F15: 100% Cotton, 350 GSM.
A17: CTN NO. | D17: COLOR | G17: SIZE | M17: PCS/CTN | N17: TOTAL CTN | O17: TOTAL QTY | P17: CTN MEAS. | S17: WEIGHT (KGS) | U17: WEIGHT (KGS)
G18: S | H18: M | I18: L | J18: XL | K18: XXL | L18: 3XL | P18: L | Q18: W | R18: H | S18: N.W. | T18: G.W | U18: TTL N.W | V18: TTL G.W
A19: 1 | B19: - | C19: =N19 -> 7 | D19: Black | G19: 25 | M19: =SUM(G19:L19) -> 25 | N19: 7 | O19: =M19*N19 -> 175 | P19: 60 | Q19: 41 | R19: 40 | S19: 15.2 | T19: =S19+1.2 -> 16.4 | U19: =S19*N19 -> 106.4 | V19: =T19*N19 -> 114.8
A20: =C19+1 -> 8 | B20: - | C20: =C19+N20 -> 15 | H20: 25 | M20: =SUM(G20:L20) -> 25 | N20: 8 | O20: =M20*N20 -> 200 | S20: 16 | T20: =S20+1.2 -> 17.2 | U20: =S20*N20 -> 128 | V20: =T20*N20 -> 137.6
A21: =C20+1 -> 16 | B21: - | C21: =C20+N21 -> 25 | I21: 20 | M21: =SUM(G21:L21) -> 20 | N21: 10 | O21: =M21*N21 -> 200 | S21: 13.6 | T21: =S21+1.2 -> 14.8 | U21: =S21*N21 -> 136 | V21: =T21*N21 -> 148
A22: =C21+1 -> 26 | B22: - | C22: =C21+N22 -> 35 | J22: 20 | M22: =SUM(G22:L22) -> 20 | N22: 10 | O22: =M22*N22 -> 200 | S22: 14.2 | T22: =S22+1.2 -> 15.4 | U22: =S22*N22 -> 142 | V22: =T22*N22 -> 154
A23: =C22+1 -> 36 | B23: - | C23: =C22+N23 -> 45 | K23: 20 | M23: =SUM(G23:L23) -> 20 | N23: 10 | O23: =M23*N23 -> 200 | S23: 14.9 | T23: =S23+1.2 -> 16.1 | U23: =S23*N23 -> 149 | V23: =T23*N23 -> 161
A24: =C23+1 -> 46 | B24: - | C24: =C23+N24 -> 50 | L24: 20 | M24: =SUM(G24:L24) -> 20 | N24: 5 | O24: =M24*N24 -> 100 | S24: 15.7 | T24: =S24+1.2 -> 16.9 | U24: =S24*N24 -> 78.5 | V24: =T24*N24 -> 84.5
A25: =C24+1 -> 51 | B25: - | C25: =C24+N25 -> 51 | G25: 20 | I25: 1 | L25: 2 | M25: =SUM(G25:L25) -> 23 | N25: 1 | O25: =M25*N25 -> 23 | S25: 14.6 | T25: =S25+1.2 -> 15.8 | U25: =S25*N25 -> 14.6 | V25: =T25*N25 -> 15.8
A26: =C25+1 -> 52 | B26: - | C26: =C25+N26 -> 52 | H26: 11 | J26: 9 | K26: 4 | M26: =SUM(G26:L26) -> 24 | N26: 1 | O26: =M26*N26 -> 24 | S26: 16.4 | T26: =S26+1.2 -> 17.6 | U26: =S26*N26 -> 16.4 | V26: =T26*N26 -> 17.6
A27: TOTAL | G27: =O19+G25 -> 195 | H27: =O20+H25 -> 200 | I27: =O21+I26 -> 200 | J27: =O22+J26 -> 209 | K27: =O23 -> 200 | L27: =O24+L26 -> 100 | N27: =SUM(N19:N26) -> 52 | O27: =SUM(O19:O26) -> 1122 | P27: =(P19*Q19*R19)/1000000*N27 -> 5.1168 | U27: =SUM(U19:U26) -> 770.9 | V27: =SUM(V19:V26) -> 833.3
A29: GRAND TOTAL | N29: =N27 -> 52 | O29: =O27 -> 1122 | P29: =P27 -> 5.1168 | U29: =U27 -> 770.9 | V29: =V27 -> 833.3
A31: ORDER & SHIP QTY | D31: =D17 -> COLOR | G31: =G18 -> S | H31: =H18 -> M | I31: =I18 -> L | J31: =J18 -> XL | K31: =K18 -> XXL | L31: =L18 -> 3XL | M31: TOTAL
A32: ORDER QTY. | D32: =D19 -> Black | G32: 200 | H32: 200 | I32: 200 | J32: 200 | K32: 200 | L32: 100 | M32: =G32+H32+I32+J32+K32+L32 -> 1100
A33: SHIP QTY. | G33: =G27 -> 195 | H33: =H27 -> 200 | I33: =I27 -> 200 | J33: =J27 -> 209 | K33: =K27 -> 200 | L33: =L27 -> 100 | M33: =G33+H33+I33+J33+K33+L33 -> 1104

Sheet KWT70
A1: FOUR DESIGN (PVT.) LTD
A2: A 100% Export Oriented Knit Garments
A3: Plot # S - 7 & S - 8, BSCIC, I/E, Fatullah, Narayanganj.
A5: PACKING LIST
A7: BUYER | E7: : | F7: PACIFIC COLLECTIONS | U7: Date:
A8: ORDER NO | E8: : | F8: 53920
A9: ITEM CODE | E9: : | F9: KWT70
A10: ITEM NAME | E10: : | F10: Ngaru Tee
A11: ORDER QTY. | E11: : | F11: 1000
A12: SHIPPEPD QTY. | E12: : | F12: =M33 -> 1029
A13: EXCESS/SHORT QTY. | E13: : | F13: =F12-F11 -> 29
A14: CTN QTY. | E14: : | F14: =N29 -> 19
A15: FABRICATION | E15: : | F15: 100% Cotton, 180 GSM.
A17: CTN NO. | D17: COLOR | G17: SIZE | M17: PCS/CTN | N17: TOTAL CTN | O17: TOTAL QTY | P17: CTN MEAS. | S17: WEIGHT (KGS) | U17: WEIGHT (KGS)
G18: S | H18: M | I18: L | J18: XL | K18: XXL | L18: 3XL | P18: L | Q18: W | R18: H | S18: N.W. | T18: G.W | U18: TTL N.W | V18: TTL G.W
A19: 1 | B19: - | C19: =N19 -> 3 | D19: Jade | G19: 60 | M19: =SUM(G19:L19) -> 60 | N19: 3 | O19: =M19*N19 -> 180 | P19: 55 | Q19: 28 | R19: 28 | S19: 9.2 | T19: =S19+1 -> 10.2 | U19: =S19*N19 -> 27.6 | V19: =T19*N19 -> 30.6
A20: =C19+1 -> 4 | B20: - | C20: =C19+N20 -> 6 | H20: 60 | M20: =SUM(G20:L20) -> 60 | N20: 3 | O20: =M20*N20 -> 180 | S20: 9.3 | T20: =S20+1 -> 10.3 | U20: =S20*N20 -> 27.9 | V20: =T20*N20 -> 30.9
A21: =C20+1 -> 7 | B21: - | C21: =C20+N21 -> 10 | I21: 50 | M21: =SUM(G21:L21) -> 50 | N21: 4 | O21: =M21*N21 -> 200 | S21: 9.7 | T21: =S21+1 -> 10.7 | U21: =S21*N21 -> 38.8 | V21: =T21*N21 -> 42.8
A22: =C21+1 -> 11 | B22: - | C22: =C21+N22 -> 14 | J22: 50 | M22: =SUM(G22:L22) -> 50 | N22: 4 | O22: =M22*N22 -> 200 | S22: 9.9 | T22: =S22+1 -> 10.9 | U22: =S22*N22 -> 39.6 | V22: =T22*N22 -> 43.6
A23: =C22+1 -> 15 | B23: - | C23: =C22+N23 -> 16 | K23: 45 | M23: =SUM(G23:L23) -> 45 | N23: 2 | O23: =M23*N23 -> 90 | S23: 9.5 | T23: =S23+1 -> 10.5 | U23: =S23*N23 -> 19 | V23: =T23*N23 -> 21
A24: =C23+1 -> 17 | B24: - | C24: =C23+N24 -> 17 | L24: 40 | M24: =SUM(G24:L24) -> 40 | N24: 1 | O24: =M24*N24 -> 40 | S24: 9.2 | T24: =S24+1 -> 10.2 | U24: =S24*N24 -> 9.2 | V24: =T24*N24 -> 10.2
A25: =C24+1 -> 18 | B25: - | C25: =C24+N25 -> 18 | G25: 34 | I25: 18 | K25: 12 | M25: =SUM(G25:L25) -> 64 | N25: 1 | O25: =M25*N25 -> 64 | S25: 9.2 | T25: =S25+1 -> 10.2 | U25: =S25*N25 -> 9.2 | V25: =T25*N25 -> 10.2
A26: =C25+1 -> 19 | B26: - | C26: =C25+N26 -> 19 | H26: 37 | J26: 15 | L26: 23 | M26: =SUM(G26:L26) -> 75 | N26: 1 | O26: =M26*N26 -> 75 | S26: 9.7 | T26: =S26+1 -> 10.7 | U26: =S26*N26 -> 9.7 | V26: =T26*N26 -> 10.7
A27: TOTAL | G27: =O19+G25 -> 214 | H27: =O20+H26 -> 217 | I27: =O21+I25 -> 218 | J27: =O22+J26 -> 215 | K27: =O23+K25 -> 102 | L27: =O24+L26 -> 63 | N27: =SUM(N19:N26) -> 19 | O27: =SUM(O19:O26) -> 1029 | P27: =(P19*Q19*R19)/1000000*N27 -> 0.81928 | U27: =SUM(U19:U26) -> 181 | V27: =SUM(V19:V26) -> 200
A29: GRAND TOTAL | N29: =N27 -> 19 | O29: =O27 -> 1029 | P29: =P27 -> 0.81928 | U29: =U27 -> 181 | V29: =V27 -> 200
A31: ORDER & SHIP QTY | D31: =D17 -> COLOR | G31: =G18 -> S | H31: =H18 -> M | I31: =I18 -> L | J31: =J18 -> XL | K31: =K18 -> XXL | L31: =L18 -> 3XL | M31: TOTAL
A32: ORDER QTY. | D32: =D19 -> Jade | G32: 210 | H32: 210 | I32: 210 | J32: 210 | K32: 100 | L32: 60 | M32: =G32+H32+I32+J32+K32+L32 -> 1000
A33: SHIP QTY. | G33: =G27 -> 214 | H33: =H27 -> 217 | I33: =I27 -> 218 | J33: =J27 -> 215 | K33: =K27 -> 102 | L33: =L27 -> 63 | M33: =G33+H33+I33+J33+K33+L33 -> 1029

Sheet 26QT
A1: FOUR DESIGN (PVT.) LTD
A2: A 100% Export Oriented Knit Garments
A3: Plot # S - 7 & S - 8, BSCIC, I/E, Fatullah, Narayanganj.
A5: PACKING LIST
A7: BUYER | E7: : | F7: PACIFIC COLLECTIONS | U7: Date:
A8: ORDER NO | E8: : | F8: 53920
A9: ITEM CODE | E9: : | F9: 26QT
A10: ITEM NAME | E10: : | F10: Queenstown
A11: ORDER QTY. | E11: : | F11: 2100
A12: SHIPPEPD QTY. | E12: : | F12: =M33 -> 2123
A13: EXCESS/SHORT QTY. | E13: : | F13: =F12-F11 -> 23
A14: CTN QTY. | E14: : | F14: =N29 -> 40
A15: FABRICATION | E15: : | F15: 100% Cotton, 150 GSM.
A17: CTN NO. | D17: COLOR | G17: SIZE | M17: PCS/CTN | N17: TOTAL CTN | O17: TOTAL QTY | P17: CTN MEAS. | S17: WEIGHT (KGS) | U17: WEIGHT (KGS)
G18: S | H18: M | I18: L | J18: XL | K18: XXL | L18: 3XL | P18: L | Q18: W | R18: H | S18: N.W. | T18: G.W | U18: TTL N.W | V18: TTL G.W
A19: 1 | B19: - | C19: =N19 -> 6 | D19: Navy | G19: 60 | M19: =SUM(G19:L19) -> 60 | N19: 6 | O19: =M19*N19 -> 360 | P19: 55 | Q19: 35 | R19: 26 | S19: 10.7 | T19: =S19+1.2 -> 11.9 | U19: =S19*N19 -> 64.2 | V19: =T19*N19 -> 71.4
A20: =C19+1 -> 7 | B20: - | C20: =C19+N20 -> 14 | H20: 60 | M20: =SUM(G20:L20) -> 60 | N20: 8 | O20: =M20*N20 -> 480 | S20: 11.5 | T20: =S20+1.2 -> 12.7 | U20: =S20*N20 -> 92 | V20: =T20*N20 -> 101.6
A21: =C20+1 -> 15 | B21: - | C21: =C20+N21 -> 23 | I21: 50 | M21: =SUM(G21:L21) -> 50 | N21: 9 | O21: =M21*N21 -> 450 | S21: 10.2 | T21: =S21+1.2 -> 11.4 | U21: =S21*N21 -> 91.8 | V21: =T21*N21 -> 102.6
A22: =C21+1 -> 24 | B22: - | C22: =C21+N22 -> 31 | J22: 50 | M22: =SUM(G22:L22) -> 50 | N22: 8 | O22: =M22*N22 -> 400 | S22: 10.9 | T22: =S22+1.2 -> 12.1 | U22: =S22*N22 -> 87.2 | V22: =T22*N22 -> 96.8
A23: =C22+1 -> 32 | B23: - | C23: =C22+N23 -> 37 | K23: 45 | M23: =SUM(G23:L23) -> 45 | N23: 6 | O23: =M23*N23 -> 270 | S23: 9.4 | T23: =S23+1.2 -> 10.6 | U23: =S23*N23 -> 56.4 | V23: =T23*N23 -> 63.6
A24: =C23+1 -> 38 | B24: - | C24: =C23+N24 -> 38 | G24: 48 | M24: =SUM(G24:L24) -> 48 | N24: 1 | O24: =M24*N24 -> 48 | S24: 10 | T24: =S24+1.2 -> 11.2 | U24: =S24*N24 -> 10 | V24: =T24*N24 -> 11.2
A25: =C24+1 -> 39 | B25: - | C25: =C24+N25 -> 39 | H25: 28 | K25: 35 | M25: =SUM(G25:L25) -> 63 | N25: 1 | O25: =M25*N25 -> 63 | S25: 10.7 | T25: =S25+1.2 -> 11.9 | U25: =S25*N25 -> 10.7 | V25: =T25*N25 -> 11.9
A26: =C25+1 -> 40 | B26: - | C26: =C25+N26 -> 40 | I26: 38 | J26: 14 | M26: =SUM(G26:L26) -> 52 | N26: 1 | O26: =M26*N26 -> 52 | S26: 10.2 | T26: =S26+1.2 -> 11.4 | U26: =S26*N26 -> 10.2 | V26: =T26*N26 -> 11.4
A27: TOTAL | G27: =O19+G24 -> 408 | H27: =O20+H25 -> 508 | I27: =O21+I26 -> 488 | J27: =O22+J26 -> 414 | K27: =O23+K25 -> 305 | N27: =SUM(N19:N26) -> 40 | O27: =SUM(O19:O26) -> 2123 | P27: =(P19*Q19*R19)/1000000*N27 -> 2.002 | U27: =SUM(U19:U26) -> 422.5 | V27: =SUM(V19:V26) -> 470.5
A29: GRAND TOTAL | N29: =N27 -> 40 | O29: =O27 -> 2123 | P29: =P27 -> 2.002 | U29: =U27 -> 422.5 | V29: =V27 -> 470.5
A31: ORDER & SHIP QTY | D31: =D17 -> COLOR | G31: =G18 -> S | H31: =H18 -> M | I31: =I18 -> L | J31: =J18 -> XL | K31: =K18 -> XXL | L31: =L18 -> 3XL | M31: TOTAL
A32: ORDER QTY. | D32: =D19 -> Navy | G32: 400 | H32: 500 | I32: 500 | J32: 400 | K32: 300 | M32: =G32+H32+I32+J32+K32+L32 -> 2100
A33: SHIP QTY. | G33: =G27 -> 408 | H33: =H27 -> 508 | I33: =I27 -> 488 | J33: =J27 -> 414 | K33: =K27 -> 305 | M33: =G33+H33+I33+J33+K33+L33 -> 2123

Sheet 107KP
A1: FOUR DESIGN (PVT.) LTD
A2: A 100% Export Oriented Knit Garments
A3: Plot # S - 7 & S - 8, BSCIC, I/E, Fatullah, Narayanganj.
A5: PACKING LIST
A7: BUYER | E7: : | F7: PACIFIC COLLECTIONS | U7: Date:
A8: ORDER NO | E8: : | F8: 53920
A9: ITEM CODE | E9: : | F9: 107KP
A10: ITEM NAME | E10: : | F10: Embroidered Fern
A11: ORDER QTY. | E11: : | F11: 1650
A12: SHIPPEPD QTY. | E12: : | F12: =M31 -> 1694
A13: EXCESS/SHORT QTY. | E13: : | F13: =F12-F11 -> 44
A14: CTN QTY. | E14: : | F14: =N27 -> 33
A15: FABRICATION | E15: : | F15: 100% Cotton, 150 GSM.
A17: CTN NO. | D17: COLOR | G17: SIZE | M17: PCS/CTN | N17: TOTAL CTN | O17: TOTAL QTY | P17: CTN MEAS. | S17: WEIGHT (KGS) | U17: WEIGHT (KGS)
G18: S | H18: M | I18: L | J18: XL | K18: XXL | L18: 3XL | P18: L | Q18: W | R18: H | S18: N.W. | T18: G.W | U18: TTL N.W | V18: TTL G.W
A19: 1 | B19: - | C19: =N19 -> 6 | D19: Black | G19: 60 | M19: =SUM(G19:L19) -> 60 | N19: 6 | O19: =M19*N19 -> 360 | P19: 55 | Q19: 35 | R19: 26 | S19: 9.8 | T19: =S19+1.2 -> 11 | U19: =S19*N19 -> 58.8 | V19: =T19*N19 -> 66
A20: =C19+1 -> 7 | B20: - | C20: =C19+N20 -> 12 | H20: 60 | M20: =SUM(G20:L20) -> 60 | N20: 6 | O20: =M20*N20 -> 360 | S20: 10.45 | T20: =S20+1.2 -> 11.65 | U20: =S20*N20 -> 62.7 | V20: =T20*N20 -> 69.9
A21: =C20+1 -> 13 | B21: - | C21: =C20+N21 -> 18 | I21: 50 | M21: =SUM(G21:L21) -> 50 | N21: 6 | O21: =M21*N21 -> 300 | S21: 9.3 | T21: =S21+1.2 -> 10.5 | U21: =S21*N21 -> 55.8 | V21: =T21*N21 -> 63
A22: =C21+1 -> 19 | B22: - | C22: =C21+N22 -> 26 | J22: 50 | M22: =SUM(G22:L22) -> 50 | N22: 8 | O22: =M22*N22 -> 400 | S22: 10.8 | T22: =S22+1.2 -> 12 | U22: =S22*N22 -> 86.4 | V22: =T22*N22 -> 96
A23: =C22+1 -> 27 | B23: - | C23: =C22+N23 -> 32 | K23: 40 | M23: =SUM(G23:L23) -> 40 | N23: 6 | O23: =M23*N23 -> 240 | S23: 8.1 | T23: =S23+1.2 -> 9.3 | U23: =S23*N23 -> 48.6 | V23: =T23*N23 -> 55.8
A24: =C23+1 -> 33 | B24: - | C24: =C23+N24 -> 33 | G24: 4 | H24: 2 | I24: 8 | J24: 11 | K24: 9 | M24: =SUM(G24:L24) -> 34 | N24: 1 | O24: =M24*N24 -> 34 | S24: 7.3 | T24: =S24+1.2 -> 8.5 | U24: =S24*N24 -> 7.3 | V24: =T24*N24 -> 8.5
A25: TOTAL | G25: =O19+G24 -> 364 | H25: =O20+H24 -> 362 | I25: =O21+I24 -> 308 | J25: =O22+J24 -> 411 | K25: =O23+K24 -> 249 | N25: =SUM(N19:N24) -> 33 | O25: =SUM(O19:O24) -> 1694 | P25: =(P19*Q19*R19)/1000000*N25 -> 1.65165 | U25: =SUM(U19:U24) -> 319.6 | V25: =SUM(V19:V24) -> 359.2
A27: GRAND TOTAL | N27: =N25 -> 33 | O27: =O25 -> 1694 | P27: =P25 -> 1.65165 | U27: =U25 -> 319.6 | V27: =V25 -> 359.2
A29: ORDER & SHIP QTY | D29: =D17 -> COLOR | G29: =G18 -> S | H29: =H18 -> M | I29: =I18 -> L | J29: =J18 -> XL | K29: =K18 -> XXL | L29: =L18 -> 3XL | M29: TOTAL
A30: ORDER QTY. | D30: =D19 -> Black | G30: 350 | H30: 350 | I30: 300 | J30: 400 | K30: 250 | M30: =G30+H30+I30+J30+K30+L30 -> 1650
A31: SHIP QTY. | G31: =G25 -> 364 | H31: =H25 -> 362 | I31: =I25 -> 308 | J31: =J25 -> 411 | K31: =K25 -> 249 | M31: =G31+H31+I31+J31+K31+L31 -> 1694

Sheet 134KP
A1: FOUR DESIGN (PVT.) LTD
A2: A 100% Export Oriented Knit Garments
A3: Plot # S - 7 & S - 8, BSCIC, I/E, Fatullah, Narayanganj.
A5: PACKING LIST
A7: BUYER | E7: : | F7: PACIFIC COLLECTIONS | U7: Date:
A8: ORDER NO | E8: : | F8: 53920
A9: ITEM CODE | E9: : | F9: 134KP
A10: ITEM NAME | E10: : | F10: Distance
A11: ORDER QTY. | E11: : | F11: 1500
A12: SHIPPEPD QTY. | E12: : | F12: =M31 -> 1531
A13: EXCESS/SHORT QTY. | E13: : | F13: =F12-F11 -> 31
A14: CTN QTY. | E14: : | F14: =N27 -> 30
A15: FABRICATION | E15: : | F15: 100% Cotton, 150 GSM.
A17: CTN NO. | D17: COLOR | G17: SIZE | M17: PCS/CTN | N17: TOTAL CTN | O17: TOTAL QTY | P17: CTN MEAS. | S17: WEIGHT (KGS) | U17: WEIGHT (KGS)
G18: S | H18: M | I18: L | J18: XL | K18: XXL | L18: 3XL | P18: L | Q18: W | R18: H | S18: N.W. | T18: G.W | U18: TTL N.W | V18: TTL G.W
A19: 1 | B19: - | C19: =N19 -> 5 | D19: Vintage Green | G19: 60 | M19: =SUM(G19:L19) -> 60 | N19: 5 | O19: =M19*N19 -> 300 | P19: 55 | Q19: 35 | R19: 26 | S19: 8.45 | T19: =S19+1.2 -> 9.65 | U19: =S19*N19 -> 42.25 | V19: =T19*N19 -> 48.25
A20: =C19+1 -> 6 | B20: - | C20: =C19+N20 -> 11 | H20: 60 | M20: =SUM(G20:L20) -> 60 | N20: 6 | O20: =M20*N20 -> 360 | S20: 9.15 | T20: =S20+1.2 -> 10.35 | U20: =S20*N20 -> 54.9 | V20: =T20*N20 -> 62.1
A21: =C20+1 -> 12 | B21: - | C21: =C20+N21 -> 18 | I21: 50 | M21: =SUM(G21:L21) -> 50 | N21: 7 | O21: =M21*N21 -> 350 | S21: 8.15 | T21: =S21+1.2 -> 9.35 | U21: =S21*N21 -> 57.05 | V21: =T21*N21 -> 65.45
A22: =C21+1 -> 19 | B22: - | C22: =C21+N22 -> 24 | J22: 50 | M22: =SUM(G22:L22) -> 50 | N22: 6 | O22: =M22*N22 -> 300 | S22: 8.75 | T22: =S22+1.2 -> 9.95 | U22: =S22*N22 -> 52.5 | V22: =T22*N22 -> 59.7
A23: =C22+1 -> 25 | B23: - | C23: =C22+N23 -> 29 | K23: 40 | M23: =SUM(G23:L23) -> 40 | N23: 5 | O23: =M23*N23 -> 200 | S23: 7.45 | T23: =S23+1.2 -> 8.65 | U23: =S23*N23 -> 37.25 | V23: =T23*N23 -> 43.25
A24: =C23+1 -> 30 | B24: - | C24: =C23+N24 -> 30 | H24: 5 | J24: 7 | K24: 9 | M24: =SUM(G24:L24) -> 21 | N24: 1 | O24: =M24*N24 -> 21 | S24: 4 | T24: =S24+1.2 -> 5.2 | U24: =S24*N24 -> 4 | V24: =T24*N24 -> 5.2
A25: TOTAL | G25: =O19 -> 300 | H25: =O20+H24 -> 365 | I25: =O21 -> 350 | J25: =O22+J24 -> 307 | K25: =O23+K24 -> 209 | N25: =SUM(N19:N24) -> 30 | O25: =SUM(O19:O24) -> 1531 | P25: =(P19*Q19*R19)/1000000*N25 -> 1.5015 | U25: =SUM(U19:U24) -> 247.95 | V25: =SUM(V19:V24) -> 283.95
A27: GRAND TOTAL | N27: =N25 -> 30 | O27: =O25 -> 1531 | P27: =P25 -> 1.5015 | U27: =U25 -> 247.95 | V27: =V25 -> 283.95
A29: ORDER & SHIP QTY | D29: =D17 -> COLOR | G29: =G18 -> S | H29: =H18 -> M | I29: =I18 -> L | J29: =J18 -> XL | K29: =K18 -> XXL | L29: =L18 -> 3XL | M29: TOTAL
A30: ORDER QTY. | D30: =D19 -> Vintage Green | G30: 300 | H30: 350 | I30: 350 | J30: 300 | K30: 200 | M30: =G30+H30+I30+J30+K30+L30 -> 1500
A31: SHIP QTY. | G31: =G25 -> 300 | H31: =H25 -> 365 | I31: =I25 -> 350 | J31: =J25 -> 307 | K31: =K25 -> 209 | M31: =G31+H31+I31+J31+K31+L31 -> 1531

Sheet 137KP
A1: FOUR DESIGN (PVT.) LTD
A2: A 100% Export Oriented Knit Garments
A3: Plot # S - 7 & S - 8, BSCIC, I/E, Fatullah, Narayanganj.
A5: PACKING LIST
A7: BUYER | E7: : | F7: PACIFIC COLLECTIONS | U7: Date:
A8: ORDER NO | E8: : | F8: 53920
A9: ITEM CODE | E9: : | F9: 137KP
A10: ITEM NAME | E10: : | F10: Shoulder Tattoo
A11: ORDER QTY. | E11: : | F11: 1860
A12: SHIPPEPD QTY. | E12: : | F12: =M34 -> 1904
A13: EXCESS/SHORT QTY. | E13: : | F13: =F12-F11 -> 44
A14: CTN QTY. | E14: : | F14: =N30 -> 34
A15: FABRICATION | E15: : | F15: 100% Cotton, 150 GSM.
A17: CTN NO. | D17: COLOR | G17: SIZE | M17: PCS/CTN | N17: TOTAL CTN | O17: TOTAL QTY | P17: CTN MEAS. | S17: WEIGHT (KGS) | U17: WEIGHT (KGS)
G18: S | H18: M | I18: L | J18: XL | K18: XXL | L18: 3XL | P18: L | Q18: W | R18: H | S18: N.W. | T18: G.W | U18: TTL N.W | V18: TTL G.W
A19: 1 | B19: - | C19: =N19 -> 7 | D19: Midnight | G19: 60 | M19: =SUM(G19:L19) -> 60 | N19: 7 | O19: =M19*N19 -> 420 | P19: 55 | Q19: 35 | R19: 26 | S19: 9.1 | T19: =S19+1.2 -> 10.3 | U19: =S19*N19 -> 63.7 | V19: =T19*N19 -> 72.1
A20: =C19+1 -> 8 | B20: - | C20: =C19+N20 -> 13 | H20: 60 | M20: =SUM(G20:L20) -> 60 | N20: 6 | O20: =M20*N20 -> 360 | S20: 9.5 | T20: =S20+1.2 -> 10.7 | U20: =S20*N20 -> 57 | V20: =T20*N20 -> 64.2
A21: =C20+1 -> 14 | B21: - | C21: =C20+N21 -> 19 | I21: 60 | M21: =SUM(G21:L21) -> 60 | N21: 6 | O21: =M21*N21 -> 360 | S21: 10.4 | T21: =S21+1.2 -> 11.6 | U21: =S21*N21 -> 62.4 | V21: =T21*N21 -> 69.6
A22: =C21+1 -> 20 | B22: - | C22: =C21+N22 -> 25 | J22: 55 | M22: =SUM(G22:L22) -> 55 | N22: 6 | O22: =M22*N22 -> 330 | S22: 10 | T22: =S22+1.2 -> 11.2 | U22: =S22*N22 -> 60 | V22: =T22*N22 -> 67.2
A23: =C22+1 -> 26 | B23: - | C23: =C22+N23 -> 30 | K23: 50 | M23: =SUM(G23:L23) -> 50 | N23: 5 | O23: =M23*N23 -> 250 | S23: 9.6 | T23: =S23+1.2 -> 10.8 | U23: =S23*N23 -> 48 | V23: =T23*N23 -> 54
A24: =C23+1 -> 31 | B24: - | C24: =C23+N24 -> 31 | J24: 47 | M24: =SUM(G24:L24) -> 47 | N24: 1 | O24: =M24*N24 -> 47 | S24: 8.6 | T24: =S24+1.2 -> 9.8 | U24: =S24*N24 -> 8.6 | V24: =T24*N24 -> 9.8
A25: =C24+1 -> 32 | B25: - | C25: =C24+N25 -> 32 | H25: 50 | M25: =SUM(G25:L25) -> 50 | N25: 1 | O25: =M25*N25 -> 50 | S25: 8 | T25: =S25+1.2 -> 9.2 | U25: =S25*N25 -> 8 | V25: =T25*N25 -> 9.2
A26: =C25+1 -> 33 | B26: - | C26: =C25+N26 -> 33 | G26: 4 | I26: 40 | M26: =SUM(G26:L26) -> 44 | N26: 1 | O26: =M26*N26 -> 44 | S26: 8.3 | T26: =S26+1.2 -> 9.5 | U26: =S26*N26 -> 8.3 | V26: =T26*N26 -> 9.5
A27: =C26+1 -> 34 | B27: - | C27: =C26+N27 -> 34 | K27: 43 | M27: =SUM(G27:L27) -> 43 | N27: 1 | O27: =M27*N27 -> 43 | S27: 8.3 | T27: =S27+1.2 -> 9.5 | U27: =S27*N27 -> 8.3 | V27: =T27*N27 -> 9.5
A28: TOTAL | G28: =O19+G26 -> 424 | H28: =O20+H25 -> 410 | I28: =O21+I26 -> 400 | J28: =O22+J24 -> 377 | K28: =O23+K27 -> 293 | N28: =SUM(N19:N27) -> 34 | O28: =SUM(O19:O27) -> 1904 | P28: =(P19*Q19*R19)/1000000*N28 -> 1.7017 | U28: =SUM(U19:U27) -> 324.3 | V28: =SUM(V19:V27) -> 365.1
A30: GRAND TOTAL | N30: =N28 -> 34 | O30: =O28 -> 1904 | P30: =P28 -> 1.7017 | U30: =U28 -> 324.3 | V30: =V28 -> 365.1
A32: ORDER & SHIP QTY | D32: =D17 -> COLOR | G32: =G18 -> S | H32: =H18 -> M | I32: =I18 -> L | J32: =J18 -> XL | K32: =K18 -> XXL | L32: =L18 -> 3XL | M32: TOTAL
A33: ORDER QTY. | D33: =D19 -> Midnight | G33: 400 | H33: 400 | I33: 400 | J33: 360 | K33: 300 | M33: =G33+H33+I33+J33+K33+L33 -> 1860
A34: SHIP QTY. | G34: =G28 -> 424 | H34: =H28 -> 410 | I34: =I28 -> 400 | J34: =J28 -> 377 | K34: =K28 -> 293 | M34: =G34+H34+I34+J34+K34+L34 -> 1904

Sheet 160KP
A1: FOUR DESIGN (PVT.) LTD
A2: A 100% Export Oriented Knit Garments
A3: Plot # S - 7 & S - 8, BSCIC, I/E, Fatullah, Narayanganj.
A5: PACKING LIST
A7: BUYER | E7: : | F7: PACIFIC COLLECTIONS | U7: Date:
A8: ORDER NO | E8: : | F8: 53920
A9: ITEM CODE | E9: : | F9: 160KP
A10: ITEM NAME | E10: : | F10: Kombi
A11: ORDER QTY. | E11: : | F11: 1700
A12: SHIPPEPD QTY. | E12: : | F12: =M32 -> 1735
A13: EXCESS/SHORT QTY. | E13: : | F13: =F12-F11 -> 35
A14: CTN QTY. | E14: : | F14: =N28 -> 35
A15: FABRICATION | E15: : | F15: 100% Cotton, 150 GSM.
A17: CTN NO. | D17: COLOR | G17: SIZE | M17: PCS/CTN | N17: TOTAL CTN | O17: TOTAL QTY | P17: CTN MEAS. | S17: WEIGHT (KGS) | U17: WEIGHT (KGS)
G18: S | H18: M | I18: L | J18: XL | K18: XXL | L18: 3XL | P18: L | Q18: W | R18: H | S18: N.W. | T18: G.W | U18: TTL N.W | V18: TTL G.W
A19: 1 | B19: - | C19: =N19 -> 4 | D19: Alpine Blue | G19: 60 | M19: =SUM(G19:L19) -> 60 | N19: 4 | O19: =M19*N19 -> 240 | P19: 55 | Q19: 35 | R19: 26 | S19: 8.4 | T19: =S19+1.2 -> 9.6 | U19: =S19*N19 -> 33.6 | V19: =T19*N19 -> 38.4
A20: =C19+1 -> 5 | B20: - | C20: =C19+N20 -> 9 | H20: 60 | M20: =SUM(G20:L20) -> 60 | N20: 5 | O20: =M20*N20 -> 300 | S20: 9.1 | T20: =S20+1.2 -> 10.3 | U20: =S20*N20 -> 45.5 | V20: =T20*N20 -> 51.5
A21: =C20+1 -> 10 | B21: - | C21: =C20+N21 -> 17 | I21: 50 | M21: =SUM(G21:L21) -> 50 | N21: 8 | O21: =M21*N21 -> 400 | S21: 8 | T21: =S21+1.2 -> 9.2 | U21: =S21*N21 -> 64 | V21: =T21*N21 -> 73.6
A22: =C21+1 -> 18 | B22: - | C22: =C21+N22 -> 25 | J22: 50 | M22: =SUM(G22:L22) -> 50 | N22: 8 | O22: =M22*N22 -> 400 | S22: 8.8 | T22: =S22+1.2 -> 10 | U22: =S22*N22 -> 70.4 | V22: =T22*N22 -> 80
A23: =C22+1 -> 26 | B23: - | C23: =C22+N23 -> 33 | K23: 40 | M23: =SUM(G23:L23) -> 40 | N23: 8 | O23: =M23*N23 -> 320 | S23: 7.5 | T23: =S23+1.2 -> 8.7 | U23: =S23*N23 -> 60 | V23: =T23*N23 -> 69.6
A24: =C23+1 -> 34 | B24: - | C24: =C23+N24 -> 34 | K24: 34 | M24: =SUM(G24:L24) -> 34 | N24: 1 | O24: =M24*N24 -> 34 | S24: 6.4 | T24: =S24+1.2 -> 7.6 | U24: =S24*N24 -> 6.4 | V24: =T24*N24 -> 7.6
A25: =C24+1 -> 35 | B25: - | C25: =C24+N25 -> 35 | G25: 9 | H25: 6 | I25: 8 | J25: 18 | M25: =SUM(G25:L25) -> 41 | N25: 1 | O25: =M25*N25 -> 41 | S25: 6.6 | T25: =S25+1.2 -> 7.8 | U25: =S25*N25 -> 6.6 | V25: =T25*N25 -> 7.8
A26: TOTAL | G26: =O19+G25 -> 249 | H26: =O20+H25 -> 306 | I26: =O21+I25 -> 408 | J26: =O22+J25 -> 418 | K26: =O23+K24 -> 354 | N26: =SUM(N19:N25) -> 35 | O26: =SUM(O19:O25) -> 1735 | P26: =(P19*Q19*R19)/1000000*N26 -> 1.75175 | U26: =SUM(U19:U25) -> 286.5 | V26: =SUM(V19:V25) -> 328.5
A28: GRAND TOTAL | N28: =N26 -> 35 | O28: =O26 -> 1735 | P28: =P26 -> 1.75175 | U28: =U26 -> 286.5 | V28: =V26 -> 328.5
A30: ORDER & SHIP QTY | D30: =D17 -> COLOR | G30: =G18 -> S | H30: =H18 -> M | I30: =I18 -> L | J30: =J18 -> XL | K30: =K18 -> XXL | L30: =L18 -> 3XL | M30: TOTAL
A31: ORDER QTY. | D31: =D19 -> Alpine Blue | G31: 250 | H31: 300 | I31: 400 | J31: 400 | K31: 350 | M31: =G31+H31+I31+J31+K31+L31 -> 1700
A32: SHIP QTY. | G32: =G26 -> 249 | H32: =H26 -> 306 | I32: =I26 -> 408 | J32: =J26 -> 418 | K32: =K26 -> 354 | M32: =G32+H32+I32+J32+K32+L32 -> 1735

Sheet 600KP
A1: FOUR DESIGN (PVT.) LTD
A2: A 100% Export Oriented Knit Garments
A3: Plot # S - 7 & S - 8, BSCIC, I/E, Fatullah, Narayanganj.
A5: PACKING LIST
A7: BUYER | E7: : | F7: PACIFIC COLLECTIONS | U7: Date:
A8: ORDER NO | E8: : | F8: 53920
A9: ITEM CODE | E9: : | F9: 600KP
A10: ITEM NAME | E10: : | F10: Moko
A11: ORDER QTY. | E11: : | F11: 1600
A12: SHIPPEPD QTY. | E12: : | F12: =M32 -> 1649
A13: EXCESS/SHORT QTY. | E13: : | F13: =F12-F11 -> 49
A14: CTN QTY. | E14: : | F14: =N28 -> 32
A15: FABRICATION | E15: : | F15: 100% Cotton, 150 GSM.
A17: CTN NO. | D17: COLOR | G17: SIZE | M17: PCS/CTN | N17: TOTAL CTN | O17: TOTAL QTY | P17: CTN MEAS. | S17: WEIGHT (KGS) | U17: WEIGHT (KGS)
G18: S | H18: M | I18: L | J18: XL | K18: XXL | L18: 3XL | P18: L | Q18: W | R18: H | S18: N.W. | T18: G.W | U18: TTL N.W | V18: TTL G.W
A19: 1 | B19: - | C19: =N19 -> 3 | D19: Black | G19: 60 | M19: =SUM(G19:L19) -> 60 | N19: 3 | O19: =M19*N19 -> 180 | P19: 55 | Q19: 35 | R19: 26 | S19: 9.6 | T19: =S19+1.2 -> 10.8 | U19: =S19*N19 -> 28.8 | V19: =T19*N19 -> 32.4
A20: =C19+1 -> 4 | B20: - | C20: =C19+N20 -> 9 | H20: 60 | M20: =SUM(G20:L20) -> 60 | N20: 6 | O20: =M20*N20 -> 360 | S20: 10.4 | T20: =S20+1.2 -> 11.6 | U20: =S20*N20 -> 62.4 | V20: =T20*N20 -> 69.6
A21: =C20+1 -> 10 | B21: - | C21: =C20+N21 -> 17 | I21: 50 | M21: =SUM(G21:L21) -> 50 | N21: 8 | O21: =M21*N21 -> 400 | S21: 9.1 | T21: =S21+1.2 -> 10.3 | U21: =S21*N21 -> 72.8 | V21: =T21*N21 -> 82.4
A22: =C21+1 -> 18 | B22: - | C22: =C21+N22 -> 23 | J22: 50 | M22: =SUM(G22:L22) -> 50 | N22: 6 | O22: =M22*N22 -> 300 | S22: 9.9 | T22: =S22+1.2 -> 11.1 | U22: =S22*N22 -> 59.4 | V22: =T22*N22 -> 66.6
A23: =C22+1 -> 24 | B23: - | C23: =C22+N23 -> 30 | K23: 40 | M23: =SUM(G23:L23) -> 40 | N23: 7 | O23: =M23*N23 -> 280 | S23: 8.4 | T23: =S23+1.2 -> 9.6 | U23: =S23*N23 -> 58.8 | V23: =T23*N23 -> 67.2
A24: =C23+1 -> 31 | B24: - | C24: =C23+N24 -> 31 | G24: 24 | I24: 13 | K24: 27 | M24: =SUM(G24:L24) -> 64 | N24: 1 | O24: =M24*N24 -> 64 | S24: 12 | T24: =S24+1.2 -> 13.2 | U24: =S24*N24 -> 12 | V24: =T24*N24 -> 13.2
A25: =C24+1 -> 32 | B25: - | C25: =C24+N25 -> 32 | H25: 56 | J25: 9 | M25: =SUM(G25:L25) -> 65 | N25: 1 | O25: =M25*N25 -> 65 | S25: 11.5 | T25: =S25+1.2 -> 12.7 | U25: =S25*N25 -> 11.5 | V25: =T25*N25 -> 12.7
A26: TOTAL | G26: =O19+G24 -> 204 | H26: =O20+H25 -> 416 | I26: =O21+I24 -> 413 | J26: =O22+J25 -> 309 | K26: =O23+K24 -> 307 | N26: =SUM(N19:N25) -> 32 | O26: =SUM(O19:O25) -> 1649 | P26: =(P19*Q19*R19)/1000000*N26 -> 1.6016 | U26: =SUM(U19:U25) -> 305.7 | V26: =SUM(V19:V25) -> 344.1
A28: GRAND TOTAL | N28: =N26 -> 32 | O28: =O26 -> 1649 | P28: =P26 -> 1.6016 | U28: =U26 -> 305.7 | V28: =V26 -> 344.1
A30: ORDER & SHIP QTY | D30: =D17 -> COLOR | G30: =G18 -> S | H30: =H18 -> M | I30: =I18 -> L | J30: =J18 -> XL | K30: =K18 -> XXL | L30: =L18 -> 3XL | M30: TOTAL
A31: ORDER QTY. | D31: =D19 -> Black | G31: 200 | H31: 400 | I31: 400 | J31: 300 | K31: 300 | M31: =G31+H31+I31+J31+K31+L31 -> 1600
A32: SHIP QTY. | G32: =G26 -> 204 | H32: =H26 -> 416 | I32: =I26 -> 413 | J32: =J26 -> 309 | K32: =K26 -> 307 | L32: =L26 -> 0 | M32: =G32+H32+I32+J32+K32+L32 -> 1649

Sheet 604KP
A1: FOUR DESIGN (PVT.) LTD
A2: A 100% Export Oriented Knit Garments
A3: Plot # S - 7 & S - 8, BSCIC, I/E, Fatullah, Narayanganj.
A5: PACKING LIST
A7: BUYER | E7: : | F7: PACIFIC COLLECTIONS | U7: Date:
A8: ORDER NO | E8: : | F8: 53920
A9: ITEM CODE | E9: : | F9: 604KP
A10: ITEM NAME | E10: : | F10: Kiwi Ferns
A11: ORDER QTY. | E11: : | F11: 2000
A12: SHIPPEPD QTY. | E12: : | F12: =M32 -> 2056
A13: EXCESS/SHORT QTY. | E13: : | F13: =F12-F11 -> 56
A14: CTN QTY. | E14: : | F14: =N28 -> 39
A15: FABRICATION | E15: : | F15: 100% Cotton, 150 GSM.
A17: CTN NO. | D17: COLOR | G17: SIZE | M17: PCS/CTN | N17: TOTAL CTN | O17: TOTAL QTY | P17: CTN MEAS. | S17: WEIGHT (KGS) | U17: WEIGHT (KGS)
G18: S | H18: M | I18: L | J18: XL | K18: XXL | L18: 3XL | P18: L | Q18: W | R18: H | S18: N.W. | T18: G.W | U18: TTL N.W | V18: TTL G.W
A19: 1 | B19: - | C19: =N19 -> 6 | D19: Kea Green | G19: 60 | M19: =SUM(G19:L19) -> 60 | N19: 6 | O19: =M19*N19 -> 360 | P19: 55 | Q19: 35 | R19: 26 | S19: 8.5 | T19: =S19+1.2 -> 9.7 | U19: =S19*N19 -> 51 | V19: =T19*N19 -> 58.2
A20: =C19+1 -> 7 | B20: - | C20: =C19+N20 -> 13 | H20: 60 | M20: =SUM(G20:L20) -> 60 | N20: 7 | O20: =M20*N20 -> 420 | S20: 9.2 | T20: =S20+1.2 -> 10.4 | U20: =S20*N20 -> 64.4 | V20: =T20*N20 -> 72.8
A21: =C20+1 -> 14 | B21: - | C21: =C20+N21 -> 22 | I21: 50 | M21: =SUM(G21:L21) -> 50 | N21: 9 | O21: =M21*N21 -> 450 | S21: 8.3 | T21: =S21+1.2 -> 9.5 | U21: =S21*N21 -> 74.7 | V21: =T21*N21 -> 85.5
A22: =C21+1 -> 23 | B22: - | C22: =C21+N22 -> 30 | J22: 50 | M22: =SUM(G22:L22) -> 50 | N22: 8 | O22: =M22*N22 -> 400 | S22: 8.8 | T22: =S22+1.2 -> 10 | U22: =S22*N22 -> 70.4 | V22: =T22*N22 -> 80
A23: =C22+1 -> 31 | B23: - | C23: =C22+N23 -> 37 | K23: 40 | M23: =SUM(G23:L23) -> 40 | N23: 7 | O23: =M23*N23 -> 280 | S23: 7.6 | T23: =S23+1.2 -> 8.8 | U23: =S23*N23 -> 53.2 | V23: =T23*N23 -> 61.6
A24: =C23+1 -> 38 | B24: - | C24: =C23+N24 -> 38 | G24: 45 | I24: 18 | J24: 16 | M24: =SUM(G24:L24) -> 79 | N24: 1 | O24: =M24*N24 -> 79 | S24: 12.1 | T24: =S24+1.2 -> 13.3 | U24: =S24*N24 -> 12.1 | V24: =T24*N24 -> 13.3
A25: =C24+1 -> 39 | B25: - | C25: =C24+N25 -> 39 | H25: 41 | K25: 26 | M25: =SUM(G25:L25) -> 67 | N25: 1 | O25: =M25*N25 -> 67 | S25: 11.2 | T25: =S25+1.2 -> 12.4 | U25: =S25*N25 -> 11.2 | V25: =T25*N25 -> 12.4
A26: TOTAL | G26: =O19+G24 -> 405 | H26: =O20+H25 -> 461 | I26: =O21+I24 -> 468 | J26: =O22+J24 -> 416 | K26: =O23+K25 -> 306 | N26: =SUM(N19:N25) -> 39 | O26: =SUM(O19:O25) -> 2056 | P26: =(P19*Q19*R19)/1000000*N26 -> 1.95195 | U26: =SUM(U19:U25) -> 337 | V26: =SUM(V19:V25) -> 383.8
A28: GRAND TOTAL | N28: =N26 -> 39 | O28: =O26 -> 2056 | P28: =P26 -> 1.95195 | U28: =U26 -> 337 | V28: =V26 -> 383.8
A30: ORDER & SHIP QTY | D30: =D17 -> COLOR | G30: =G18 -> S | H30: =H18 -> M | I30: =I18 -> L | J30: =J18 -> XL | K30: =K18 -> XXL | L30: =L18 -> 3XL | M30: TOTAL
A31: ORDER QTY. | D31: =D19 -> Kea Green | G31: 400 | H31: 450 | I31: 450 | J31: 400 | K31: 300 | M31: =G31+H31+I31+J31+K31+L31 -> 2000
A32: SHIP QTY. | G32: =G26 -> 405 | H32: =H26 -> 461 | I32: =I26 -> 468 | J32: =J26 -> 416 | K32: =K26 -> 306 | L32: =L26 -> 0 | M32: =G32+H32+I32+J32+K32+L32 -> 2056

Sheet 606KP
A1: FOUR DESIGN (PVT.) LTD
A2: A 100% Export Oriented Knit Garments
A3: Plot # S - 7 & S - 8, BSCIC, I/E, Fatullah, Narayanganj.
A5: PACKING LIST
A7: BUYER | E7: : | F7: PACIFIC COLLECTIONS | U7: Date:
A8: ORDER NO | E8: : | F8: 53920
A9: ITEM CODE | E9: : | F9: 606KP
A10: ITEM NAME | E10: : | F10: Kiwi Circle Crest
A11: ORDER QTY. | E11: : | F11: 1470
A12: SHIPPEPD QTY. | E12: : | F12: =M32 -> 1507
A13: EXCESS/SHORT QTY. | E13: : | F13: =F12-F11 -> 37
A14: CTN QTY. | E14: : | F14: =N28 -> 29
A15: FABRICATION | E15: : | F15: 100% Cotton, 150 GSM.
A17: CTN NO. | D17: COLOR | G17: SIZE | M17: PCS/CTN | N17: TOTAL CTN | O17: TOTAL QTY | P17: CTN MEAS. | S17: WEIGHT (KGS) | U17: WEIGHT (KGS)
G18: S | H18: M | I18: L | J18: XL | K18: XXL | L18: 3XL | P18: L | Q18: W | R18: H | S18: N.W. | T18: G.W | U18: TTL N.W | V18: TTL G.W
A19: 1 | B19: - | C19: =N19 -> 5 | D19: Lake Green | G19: 60 | M19: =SUM(G19:L19) -> 60 | N19: 5 | O19: =M19*N19 -> 300 | P19: 55 | Q19: 35 | R19: 26 | S19: 8.55 | T19: =S19+1.2 -> 9.75 | U19: =S19*N19 -> 42.75 | V19: =T19*N19 -> 48.75
A20: =C19+1 -> 6 | B20: - | C20: =C19+N20 -> 9 | H20: 60 | M20: =SUM(G20:L20) -> 60 | N20: 4 | O20: =M20*N20 -> 240 | S20: 9.05 | T20: =S20+1.2 -> 10.25 | U20: =S20*N20 -> 36.2 | V20: =T20*N20 -> 41
A21: =C20+1 -> 10 | B21: - | C21: =C20+N21 -> 17 | I21: 50 | M21: =SUM(G21:L21) -> 50 | N21: 8 | O21: =M21*N21 -> 400 | S21: 8.2 | T21: =S21+1.2 -> 9.4 | U21: =S21*N21 -> 65.6 | V21: =T21*N21 -> 75.2
A22: =C21+1 -> 18 | B22: - | C22: =C21+N22 -> 22 | J22: 50 | M22: =SUM(G22:L22) -> 50 | N22: 5 | O22: =M22*N22 -> 250 | S22: 8.75 | T22: =S22+1.2 -> 9.95 | U22: =S22*N22 -> 43.75 | V22: =T22*N22 -> 49.75
A23: =C22+1 -> 23 | B23: - | C23: =C22+N23 -> 27 | K23: 40 | M23: =SUM(G23:L23) -> 40 | N23: 5 | O23: =M23*N23 -> 200 | S23: 7.6 | T23: =S23+1.2 -> 8.8 | U23: =S23*N23 -> 38 | V23: =T23*N23 -> 44
A24: =C23+1 -> 28 | B24: - | C24: =C23+N24 -> 28 | G24: 53 | M24: =SUM(G24:L24) -> 53 | N24: 1 | O24: =M24*N24 -> 53 | S24: 7.6 | T24: =S24+1.2 -> 8.8 | U24: =S24*N24 -> 7.6 | V24: =T24*N24 -> 8.8
A25: =C24+1 -> 29 | B25: - | C25: =C24+N25 -> 29 | H25: 28 | I25: 9 | J25: 20 | K25: 7 | M25: =SUM(G25:L25) -> 64 | N25: 1 | O25: =M25*N25 -> 64 | S25: 10.5 | T25: =S25+1.2 -> 11.7 | U25: =S25*N25 -> 10.5 | V25: =T25*N25 -> 11.7
A26: TOTAL | G26: =O19+G24 -> 353 | H26: =O20+H25 -> 268 | I26: =O21+I25 -> 409 | J26: =O22+J25 -> 270 | K26: =O23+K25 -> 207 | N26: =SUM(N19:N25) -> 29 | O26: =SUM(O19:O25) -> 1507 | P26: =(P19*Q19*R19)/1000000*N26 -> 1.45145 | U26: =SUM(U19:U25) -> 244.4 | V26: =SUM(V19:V25) -> 279.2
A28: GRAND TOTAL | N28: =N26 -> 29 | O28: =O26 -> 1507 | P28: =P26 -> 1.45145 | U28: =U26 -> 244.4 | V28: =V26 -> 279.2
A30: ORDER & SHIP QTY | D30: =D17 -> COLOR | G30: =G18 -> S | H30: =H18 -> M | I30: =I18 -> L | J30: =J18 -> XL | K30: =K18 -> XXL | L30: =L18 -> 3XL | M30: TOTAL
A31: ORDER QTY. | D31: =D19 -> Lake Green | G31: 350 | H31: 260 | I31: 400 | J31: 260 | K31: 200 | M31: =G31+H31+I31+J31+K31+L31 -> 1470
A32: SHIP QTY. | G32: =G26 -> 353 | H32: =H26 -> 268 | I32: =I26 -> 409 | J32: =J26 -> 270 | K32: =K26 -> 207 | M32: =G32+H32+I32+J32+K32+L32 -> 1507

Sheet 08WK
A1: FOUR DESIGN (PVT.) LTD
A2: A 100% Export Oriented Knit Garments
A3: Plot # S - 7 & S - 8, BSCIC, I/E, Fatullah, Narayanganj.
A5: PACKING LIST
A7: BUYER | E7: : | F7: PACIFIC COLLECTIONS | U7: Date:
A8: ORDER NO | E8: : | F8: 53920
A9: ITEM CODE | E9: : | F9: 08WK
A10: ITEM NAME | E10: : | F10: Kiwi Roadtrip
A11: ORDER QTY. | E11: : | F11: 1610
A12: SHIPPEPD QTY. | E12: : | F12: =M32 -> 1604
A13: EXCESS/SHORT QTY. | E13: : | F13: =F12-F11 -> -6
A14: CTN QTY. | E14: : | F14: =N28 -> 32
A15: FABRICATION | E15: : | F15: 100% Cotton, 180 GSM.
A17: CTN NO. | D17: COLOR | G17: SIZE | M17: PCS/CTN | N17: TOTAL CTN | O17: TOTAL QTY | P17: CTN MEAS. | S17: WEIGHT (KGS) | U17: WEIGHT (KGS)
G18: S | H18: M | I18: L | J18: XL | K18: XXL | L18: 3XL | P18: L | Q18: W | R18: H | S18: N.W. | T18: G.W | U18: TTL N.W | V18: TTL G.W
A19: 1 | B19: - | C19: =N19 -> 4 | D19: Crabon | G19: 60 | M19: =SUM(G19:L19) -> 60 | N19: 4 | O19: =M19*N19 -> 240 | P19: 55 | Q19: 35 | R19: 26 | S19: 8.5 | T19: =S19+1.2 -> 9.7 | U19: =S19*N19 -> 34 | V19: =T19*N19 -> 38.8
A20: =C19+1 -> 5 | B20: - | C20: =C19+N20 -> 9 | H20: 60 | M20: =SUM(G20:L20) -> 60 | N20: 5 | O20: =M20*N20 -> 300 | S20: 9.2 | T20: =S20+1.2 -> 10.4 | U20: =S20*N20 -> 46 | V20: =T20*N20 -> 52
A21: =C20+1 -> 10 | B21: - | C21: =C20+N21 -> 16 | I21: 50 | M21: =SUM(G21:L21) -> 50 | N21: 7 | O21: =M21*N21 -> 350 | S21: 8.3 | T21: =S21+1.2 -> 9.5 | U21: =S21*N21 -> 58.1 | V21: =T21*N21 -> 66.5
A22: =C21+1 -> 17 | B22: - | C22: =C21+N22 -> 24 | J22: 45 | M22: =SUM(G22:L22) -> 45 | N22: 8 | O22: =M22*N22 -> 360 | S22: 8.3 | T22: =S22+1.2 -> 9.5 | U22: =S22*N22 -> 66.4 | V22: =T22*N22 -> 76
A23: =C22+1 -> 25 | B23: - | C23: =C22+N23 -> 30 | K23: 45 | M23: =SUM(G23:L23) -> 45 | N23: 6 | O23: =M23*N23 -> 270 | S23: 9.1 | T23: =S23+1.2 -> 10.3 | U23: =S23*N23 -> 54.6 | V23: =T23*N23 -> 61.8
A24: =C23+1 -> 31 | B24: - | C24: =C23+N24 -> 31 | G24: 32 | M24: =SUM(G24:L24) -> 32 | N24: 1 | O24: =M24*N24 -> 32 | S24: 8.6 | T24: =S24+1.2 -> 9.8 | U24: =S24*N24 -> 8.6 | V24: =T24*N24 -> 9.8
A25: =C24+1 -> 32 | B25: - | C25: =C24+N25 -> 32 | J25: 22 | K25: 30 | M25: =SUM(G25:L25) -> 52 | N25: 1 | O25: =M25*N25 -> 52 | S25: 8.4 | T25: =S25+1.2 -> 9.6 | U25: =S25*N25 -> 8.4 | V25: =T25*N25 -> 9.6
A26: TOTAL | G26: =O19+G24 -> 272 | H26: =O20+H25 -> 300 | I26: =O21 -> 350 | J26: =O22+J25 -> 382 | K26: =O23+K25 -> 300 | N26: =SUM(N19:N25) -> 32 | O26: =SUM(O19:O25) -> 1604 | P26: =(P19*Q19*R19)/1000000*N26 -> 1.6016 | U26: =SUM(U19:U25) -> 276.1 | V26: =SUM(V19:V25) -> 314.5
A28: GRAND TOTAL | N28: =N26 -> 32 | O28: =O26 -> 1604 | P28: =P26 -> 1.6016 | U28: =U26 -> 276.1 | V28: =V26 -> 314.5
A30: ORDER & SHIP QTY | D30: =D17 -> COLOR | G30: =G18 -> S | H30: =H18 -> M | I30: =I18 -> L | J30: =J18 -> XL | K30: =K18 -> XXL | L30: =L18 -> 3XL | M30: TOTAL
A31: ORDER QTY. | D31: =D19 -> Crabon | G31: 260 | H31: 300 | I31: 350 | J31: 400 | K31: 300 | M31: =G31+H31+I31+J31+K31+L31 -> 1610
A32: SHIP QTY. | G32: =G26 -> 272 | H32: =H26 -> 300 | I32: =I26 -> 350 | J32: =J26 -> 382 | K32: =K26 -> 300 | M32: =G32+H32+I32+J32+K32+L32 -> 1604

Sheet 14WK
A1: FOUR DESIGN (PVT.) LTD
A2: A 100% Export Oriented Knit Garments
A3: Plot # S - 7 & S - 8, BSCIC, I/E, Fatullah, Narayanganj.
A5: PACKING LIST
A7: BUYER | E7: : | F7: PACIFIC COLLECTIONS | U7: Date:
A8: ORDER NO | E8: : | F8: 53920
A9: ITEM CODE | E9: : | F9: 14WK
A10: ITEM NAME | E10: : | F10: Embroidered Flag
A11: ORDER QTY. | E11: : | F11: 1130
A12: SHIPPEPD QTY. | E12: : | F12: =M32 -> 1140
A13: EXCESS/SHORT QTY. | E13: : | F13: =F12-F11 -> 10
A14: CTN QTY. | E14: : | F14: =N28 -> 25
A15: FABRICATION | E15: : | F15: 100% Cotton, 180 GSM.
A17: CTN NO. | D17: COLOR | G17: SIZE | M17: PCS/CTN | N17: TOTAL CTN | O17: TOTAL QTY | P17: CTN MEAS. | S17: WEIGHT (KGS) | U17: WEIGHT (KGS)
G18: S | H18: M | I18: L | J18: XL | K18: XXL | L18: 3XL | P18: L | Q18: W | R18: H | S18: N.W. | T18: G.W | U18: TTL N.W | V18: TTL G.W
A19: 1 | B19: - | C19: =N19 -> 2 | D19: Black | G19: 55 | M19: =SUM(G19:L19) -> 55 | N19: 2 | O19: =M19*N19 -> 110 | P19: 55 | Q19: 35 | R19: 26 | S19: 10.1 | T19: =S19+1.2 -> 11.3 | U19: =S19*N19 -> 20.2 | V19: =T19*N19 -> 22.6
A20: =C19+1 -> 3 | B20: - | C20: =C19+N20 -> 8 | H20: 50 | M20: =SUM(G20:L20) -> 50 | N20: 6 | O20: =M20*N20 -> 300 | S20: 9.95 | T20: =S20+1.2 -> 11.15 | U20: =S20*N20 -> 59.7 | V20: =T20*N20 -> 66.9
A21: =C20+1 -> 9 | B21: - | C21: =C20+N21 -> 14 | I21: 45 | M21: =SUM(G21:L21) -> 45 | N21: 6 | O21: =M21*N21 -> 270 | S21: 9.65 | T21: =S21+1.2 -> 10.85 | U21: =S21*N21 -> 57.9 | V21: =T21*N21 -> 65.1
A22: =C21+1 -> 15 | B22: - | C22: =C21+N22 -> 20 | J22: 40 | M22: =SUM(G22:L22) -> 40 | N22: 6 | O22: =M22*N22 -> 240 | S22: 9.1 | T22: =S22+1.2 -> 10.3 | U22: =S22*N22 -> 54.6 | V22: =T22*N22 -> 61.8
A23: =C22+1 -> 21 | B23: - | C23: =C22+N23 -> 23 | K23: 40 | M23: =SUM(G23:L23) -> 40 | N23: 3 | O23: =M23*N23 -> 120 | S23: 9.6 | T23: =S23+1.2 -> 10.8 | U23: =S23*N23 -> 28.8 | V23: =T23*N23 -> 32.4
A24: =C23+1 -> 24 | B24: - | C24: =C23+N24 -> 24 | G24: 47 | M24: =SUM(G24:L24) -> 47 | N24: 1 | O24: =M24*N24 -> 47 | S24: 8.6 | T24: =S24+1.2 -> 9.8 | U24: =S24*N24 -> 8.6 | V24: =T24*N24 -> 9.8
A25: =C24+1 -> 25 | B25: - | C25: =C24+N25 -> 25 | I25: 27 | K25: 26 | M25: =SUM(G25:L25) -> 53 | N25: 1 | O25: =M25*N25 -> 53 | S25: 12 | T25: =S25+1.2 -> 13.2 | U25: =S25*N25 -> 12 | V25: =T25*N25 -> 13.2
A26: TOTAL | G26: =O19+G24 -> 157 | H26: =O20+H25 -> 300 | I26: =O21+I25 -> 297 | J26: =O22 -> 240 | K26: =O23+K25 -> 146 | N26: =SUM(N19:N25) -> 25 | O26: =SUM(O19:O25) -> 1140 | P26: =(P19*Q19*R19)/1000000*N26 -> 1.25125 | U26: =SUM(U19:U25) -> 241.8 | V26: =SUM(V19:V25) -> 271.8
A28: GRAND TOTAL | N28: =N26 -> 25 | O28: =O26 -> 1140 | P28: =P26 -> 1.25125 | U28: =U26 -> 241.8 | V28: =V26 -> 271.8
A30: ORDER & SHIP QTY | D30: =D17 -> COLOR | G30: =G18 -> S | H30: =H18 -> M | I30: =I18 -> L | J30: =J18 -> XL | K30: =K18 -> XXL | L30: =L18 -> 3XL | M30: TOTAL
A31: ORDER QTY. | D31: =D19 -> Black | G31: 150 | H31: 300 | I31: 300 | J31: 240 | K31: 140 | M31: =G31+H31+I31+J31+K31+L31 -> 1130
A32: SHIP QTY. | G32: =G26 -> 157 | H32: =H26 -> 300 | I32: =I26 -> 297 | J32: =J26 -> 240 | K32: =K26 -> 146 | M32: =G32+H32+I32+J32+K32+L32 -> 1140

Sheet 75WK
A1: FOUR DESIGN (PVT.) LTD
A2: A 100% Export Oriented Knit Garments
A3: Plot # S - 7 & S - 8, BSCIC, I/E, Fatullah, Narayanganj.
A5: PACKING LIST
A7: BUYER | E7: : | F7: PACIFIC COLLECTIONS | U7: Date:
A8: ORDER NO | E8: : | F8: 53920
A9: ITEM CODE | E9: : | F9: 75WK
A10: ITEM NAME | E10: : | F10: Kiwi & Fern
A11: ORDER QTY. | E11: : | F11: 1480
A12: SHIPPEPD QTY. | E12: : | F12: =M31 -> 1521
A13: EXCESS/SHORT QTY. | E13: : | F13: =F12-F11 -> 41
A14: CTN QTY. | E14: : | F14: =N27 -> 29
A15: FABRICATION | E15: : | F15: 100% Cotton, 180 GSM.
A17: CTN NO. | D17: COLOR | G17: SIZE | M17: PCS/CTN | N17: TOTAL CTN | O17: TOTAL QTY | P17: CTN MEAS. | S17: WEIGHT (KGS) | U17: WEIGHT (KGS)
G18: S | H18: M | I18: L | J18: XL | K18: XXL | L18: 3XL | P18: L | Q18: W | R18: H | S18: N.W. | T18: G.W | U18: TTL N.W | V18: TTL G.W
A19: 1 | B19: - | C19: =N19 -> 5 | D19: Cobalt Blue | G19: 60 | M19: =SUM(G19:L19) -> 60 | N19: 5 | O19: =M19*N19 -> 300 | P19: 55 | Q19: 35 | R19: 26 | S19: 10.7 | T19: =S19+1.2 -> 11.9 | U19: =S19*N19 -> 53.5 | V19: =T19*N19 -> 59.5
A20: =C19+1 -> 6 | B20: - | C20: =C19+N20 -> 11 | H20: 60 | M20: =SUM(G20:L20) -> 60 | N20: 6 | O20: =M20*N20 -> 360 | S20: 11.5 | T20: =S20+1.2 -> 12.7 | U20: =S20*N20 -> 69 | V20: =T20*N20 -> 76.2
A21: =C20+1 -> 12 | B21: - | C21: =C20+N21 -> 18 | I21: 50 | M21: =SUM(G21:L21) -> 50 | N21: 7 | O21: =M21*N21 -> 350 | S21: 10.2 | T21: =S21+1.2 -> 11.4 | U21: =S21*N21 -> 71.4 | V21: =T21*N21 -> 79.8
A22: =C21+1 -> 19 | B22: - | C22: =C21+N22 -> 24 | J22: 50 | M22: =SUM(G22:L22) -> 50 | N22: 6 | O22: =M22*N22 -> 300 | S22: 10.9 | T22: =S22+1.2 -> 12.1 | U22: =S22*N22 -> 65.4 | V22: =T22*N22 -> 72.6
A23: =C22+1 -> 25 | B23: - | C23: =C22+N23 -> 28 | K23: 45 | M23: =SUM(G23:L23) -> 45 | N23: 4 | O23: =M23*N23 -> 180 | S23: 9.4 | T23: =S23+1.2 -> 10.6 | U23: =S23*N23 -> 37.6 | V23: =T23*N23 -> 42.4
A24: =C23+1 -> 29 | B24: - | C24: =C23+N24 -> 29 | G24: 7 | I24: 9 | J24: 13 | K24: 2 | M24: =SUM(G24:L24) -> 31 | N24: 1 | O24: =M24*N24 -> 31 | S24: 9.1 | T24: =S24+1.2 -> 10.3 | U24: =S24*N24 -> 9.1 | V24: =T24*N24 -> 10.3
A25: TOTAL | G25: =O19+G24 -> 307 | H25: =O20+H24 -> 360 | I25: =O21+I24 -> 359 | J25: =O22+J24 -> 313 | K25: =O23+K24 -> 182 | N25: =SUM(N19:N24) -> 29 | O25: =SUM(O19:O24) -> 1521 | P25: =(P19*Q19*R19)/1000000*N25 -> 1.45145 | U25: =SUM(U19:U24) -> 306 | V25: =SUM(V19:V24) -> 340.8
A27: GRAND TOTAL | N27: =N25 -> 29 | O27: =O25 -> 1521 | P27: =P25 -> 1.45145 | U27: =U25 -> 306 | V27: =V25 -> 340.8
A29: ORDER & SHIP QTY | D29: =D17 -> COLOR | G29: =G18 -> S | H29: =H18 -> M | I29: =I18 -> L | J29: =J18 -> XL | K29: =K18 -> XXL | L29: =L18 -> 3XL | M29: TOTAL
A30: ORDER QTY. | D30: =D19 -> Cobalt Blue | G30: 300 | H30: 350 | I30: 350 | J30: 300 | K30: 180 | M30: =G30+H30+I30+J30+K30+L30 -> 1480
A31: SHIP QTY. | G31: =G25 -> 307 | H31: =H25 -> 360 | I31: =I25 -> 359 | J31: =J25 -> 313 | K31: =K25 -> 182 | M31: =G31+H31+I31+J31+K31+L31 -> 1521

Sheet 81WK
A1: FOUR DESIGN (PVT.) LTD
A2: A 100% Export Oriented Knit Garments
A3: Plot # S - 7 & S - 8, BSCIC, I/E, Fatullah, Narayanganj.
A5: PACKING LIST
A7: BUYER | E7: : | F7: PACIFIC COLLECTIONS | U7: Date:
A8: ORDER NO | E8: : | F8: 53920
A9: ITEM CODE | E9: : | F9: 81WK
A10: ITEM NAME | E10: : | F10: Forever Adventure
A11: ORDER QTY. | E11: : | F11: 1200
A12: SHIPPEPD QTY. | E12: : | F12: =M32 -> 1190
A13: EXCESS/SHORT QTY. | E13: : | F13: =F12-F11 -> -10
A14: CTN QTY. | E14: : | F14: =N28 -> 24
A15: FABRICATION | E15: : | F15: 90% Cotton, 10% Polyester, 180 GSM.
A17: CTN NO. | D17: COLOR | G17: SIZE | M17: PCS/CTN | N17: TOTAL CTN | O17: TOTAL QTY | P17: CTN MEAS. | S17: WEIGHT (KGS) | U17: WEIGHT (KGS)
G18: S | H18: M | I18: L | J18: XL | K18: XXL | L18: 3XL | P18: L | Q18: W | R18: H | S18: N.W. | T18: G.W | U18: TTL N.W | V18: TTL G.W
A19: 1 | B19: - | C19: =N19 -> 2 | D19: Grey Marl | G19: 60 | M19: =SUM(G19:L19) -> 60 | N19: 2 | O19: =M19*N19 -> 120 | P19: 55 | Q19: 35 | R19: 26 | S19: 8.5 | T19: =S19+1.2 -> 9.7 | U19: =S19*N19 -> 17 | V19: =T19*N19 -> 19.4
A20: =C19+1 -> 3 | B20: - | C20: =C19+N20 -> 6 | H20: 60 | M20: =SUM(G20:L20) -> 60 | N20: 4 | O20: =M20*N20 -> 240 | S20: 9.2 | T20: =S20+1.2 -> 10.4 | U20: =S20*N20 -> 36.8 | V20: =T20*N20 -> 41.6
A21: =C20+1 -> 7 | B21: - | C21: =C20+N21 -> 12 | I21: 50 | M21: =SUM(G21:L21) -> 50 | N21: 6 | O21: =M21*N21 -> 300 | S21: 8.3 | T21: =S21+1.2 -> 9.5 | U21: =S21*N21 -> 49.8 | V21: =T21*N21 -> 57
A22: =C21+1 -> 13 | B22: - | C22: =C21+N22 -> 18 | J22: 45 | M22: =SUM(G22:L22) -> 45 | N22: 6 | O22: =M22*N22 -> 270 | S22: 7.3 | T22: =S22+1.2 -> 8.5 | U22: =S22*N22 -> 43.8 | V22: =T22*N22 -> 51
A23: =C22+1 -> 19 | B23: - | C23: =C22+N23 -> 22 | K23: 40 | M23: =SUM(G23:L23) -> 40 | N23: 4 | O23: =M23*N23 -> 160 | S23: 7.6 | T23: =S23+1.2 -> 8.8 | U23: =S23*N23 -> 30.4 | V23: =T23*N23 -> 35.2
A24: =C23+1 -> 23 | B24: - | C24: =C23+N24 -> 23 | G24: 47 | H24: 15 | I24: 3 | M24: =SUM(G24:L24) -> 65 | N24: 1 | O24: =M24*N24 -> 65 | S24: 9.4 | T24: =S24+1.2 -> 10.6 | U24: =S24*N24 -> 9.4 | V24: =T24*N24 -> 10.6
A25: =C24+1 -> 24 | B25: - | C25: =C24+N25 -> 24 | K25: 35 | M25: =SUM(G25:L25) -> 35 | N25: 1 | O25: =M25*N25 -> 35 | S25: 8.3 | T25: =S25+1.2 -> 9.5 | U25: =S25*N25 -> 8.3 | V25: =T25*N25 -> 9.5
A26: TOTAL | G26: =O19+G24 -> 167 | H26: =O20+H24 -> 255 | I26: =O21+I24 -> 303 | J26: =O22 -> 270 | K26: =O23+K25 -> 195 | N26: =SUM(N19:N25) -> 24 | O26: =SUM(O19:O25) -> 1190 | P26: =(P19*Q19*R19)/1000000*N26 -> 1.2012 | U26: =SUM(U19:U25) -> 195.5 | V26: =SUM(V19:V25) -> 224.3
A28: GRAND TOTAL | N28: =N26 -> 24 | O28: =O26 -> 1190 | P28: =P26 -> 1.2012 | U28: =U26 -> 195.5 | V28: =V26 -> 224.3
A30: ORDER & SHIP QTY | D30: =D17 -> COLOR | G30: =G18 -> S | H30: =H18 -> M | I30: =I18 -> L | J30: =J18 -> XL | K30: =K18 -> XXL | L30: =L18 -> 3XL | M30: TOTAL
A31: ORDER QTY. | D31: =D19 -> Grey Marl | G31: 170 | H31: 260 | I31: 300 | J31: 270 | K31: 200 | M31: =G31+H31+I31+J31+K31+L31 -> 1200
A32: SHIP QTY. | G32: =G26 -> 167 | H32: =H26 -> 255 | I32: =I26 -> 303 | J32: =J26 -> 270 | K32: =K26 -> 195 | M32: =G32+H32+I32+J32+K32+L32 -> 1190

Sheet 157WK
A1: FOUR DESIGN (PVT.) LTD
A2: A 100% Export Oriented Knit Garments
A3: Plot # S - 7 & S - 8, BSCIC, I/E, Fatullah, Narayanganj.
A5: PACKING LIST
A7: BUYER | E7: : | F7: PACIFIC COLLECTIONS | U7: Date:
A8: ORDER NO | E8: : | F8: 53920
A9: ITEM CODE | E9: : | F9: 157WK
A10: ITEM NAME | E10: : | F10: Vortex Kiwi
A11: ORDER QTY. | E11: : | F11: 1060
A12: SHIPPEPD QTY. | E12: : | F12: =M32 -> 1071
A13: EXCESS/SHORT QTY. | E13: : | F13: =F12-F11 -> 11
A14: CTN QTY. | E14: : | F14: =N28 -> 21
A15: FABRICATION | E15: : | F15: 90% Cotton, 10% Polyester, 180 GSM.
A17: CTN NO. | D17: COLOR | G17: SIZE | M17: PCS/CTN | N17: TOTAL CTN | O17: TOTAL QTY | P17: CTN MEAS. | S17: WEIGHT (KGS) | U17: WEIGHT (KGS)
G18: S | H18: M | I18: L | J18: XL | K18: XXL | L18: 3XL | P18: L | Q18: W | R18: H | S18: N.W. | T18: G.W | U18: TTL N.W | V18: TTL G.W
A19: 1 | B19: - | C19: =N19 -> 3 | D19: Light Grey Marl | G19: 60 | M19: =SUM(G19:L19) -> 60 | N19: 3 | O19: =M19*N19 -> 180 | P19: 55 | Q19: 35 | R19: 26 | S19: 10.7 | T19: =S19+1.2 -> 11.9 | U19: =S19*N19 -> 32.1 | V19: =T19*N19 -> 35.7
A20: =C19+1 -> 4 | B20: - | C20: =C19+N20 -> 7 | H20: 60 | M20: =SUM(G20:L20) -> 60 | N20: 4 | O20: =M20*N20 -> 240 | S20: 11.5 | T20: =S20+1.2 -> 12.7 | U20: =S20*N20 -> 46 | V20: =T20*N20 -> 50.8
A21: =C20+1 -> 8 | B21: - | C21: =C20+N21 -> 11 | I21: 50 | M21: =SUM(G21:L21) -> 50 | N21: 4 | O21: =M21*N21 -> 200 | S21: 10.2 | T21: =S21+1.2 -> 11.4 | U21: =S21*N21 -> 40.8 | V21: =T21*N21 -> 45.6
A22: =C21+1 -> 12 | B22: - | C22: =C21+N22 -> 15 | J22: 50 | M22: =SUM(G22:L22) -> 50 | N22: 4 | O22: =M22*N22 -> 200 | S22: 10.9 | T22: =S22+1.2 -> 12.1 | U22: =S22*N22 -> 43.6 | V22: =T22*N22 -> 48.4
A23: =C22+1 -> 16 | B23: - | C23: =C22+N23 -> 19 | K23: 40 | M23: =SUM(G23:L23) -> 40 | N23: 4 | O23: =M23*N23 -> 160 | S23: 9.4 | T23: =S23+1.2 -> 10.6 | U23: =S23*N23 -> 37.6 | V23: =T23*N23 -> 42.4
A24: =C23+1 -> 20 | B24: - | C24: =C23+N24 -> 20 | G24: 21 | H24: 14 | J24: 4 | K24: 4 | M24: =SUM(G24:L24) -> 43 | N24: 1 | O24: =M24*N24 -> 43 | S24: 8.4 | T24: =S24+1.2 -> 9.6 | U24: =S24*N24 -> 8.4 | V24: =T24*N24 -> 9.6
A25: =C24+1 -> 21 | B25: - | C25: =C24+N25 -> 21 | I25: 48 | M25: =SUM(G25:L25) -> 48 | N25: 1 | O25: =M25*N25 -> 48 | S25: 10.2 | T25: =S25+1.2 -> 11.4 | U25: =S25*N25 -> 10.2 | V25: =T25*N25 -> 11.4
A26: TOTAL | G26: =O19+G24 -> 201 | H26: =O20+H24 -> 254 | I26: =O21+I25 -> 248 | J26: =O22+J24 -> 204 | K26: =O23+K24 -> 164 | N26: =SUM(N19:N25) -> 21 | O26: =SUM(O19:O25) -> 1071 | P26: =(P19*Q19*R19)/1000000*N26 -> 1.05105 | U26: =SUM(U19:U25) -> 218.7 | V26: =SUM(V19:V25) -> 243.9
A28: GRAND TOTAL | N28: =N26 -> 21 | O28: =O26 -> 1071 | P28: =P26 -> 1.05105 | U28: =U26 -> 218.7 | V28: =V26 -> 243.9
A30: ORDER & SHIP QTY | D30: =D17 -> COLOR | G30: =G18 -> S | H30: =H18 -> M | I30: =I18 -> L | J30: =J18 -> XL | K30: =K18 -> XXL | L30: =L18 -> 3XL | M30: TOTAL
A31: ORDER QTY. | D31: =D19 -> Light Grey Marl | G31: 200 | H31: 250 | I31: 250 | J31: 200 | K31: 160 | M31: =G31+H31+I31+J31+K31+L31 -> 1060
A32: SHIP QTY. | G32: =G26 -> 201 | H32: =H26 -> 254 | I32: =I26 -> 248 | J32: =J26 -> 204 | K32: =K26 -> 164 | L32: =L26 -> 0 | M32: =G32+H32+I32+J32+K32+L32 -> 1071

Sheet 161WK
A1: FOUR DESIGN (PVT.) LTD
A2: A 100% Export Oriented Knit Garments
A3: Plot # S - 7 & S - 8, BSCIC, I/E, Fatullah, Narayanganj.
A5: PACKING LIST
A7: BUYER | E7: : | F7: PACIFIC COLLECTIONS | U7: Date:
A8: ORDER NO | E8: : | F8: 53920
A9: ITEM CODE | E9: : | F9: 161WK
A10: ITEM NAME | E10: : | F10: Forever Adventure
A11: ORDER QTY. | E11: : | F11: 1410
A12: SHIPPEPD QTY. | E12: : | F12: =M33 -> 1427
A13: EXCESS/SHORT QTY. | E13: : | F13: =F12-F11 -> 17
A14: CTN QTY. | E14: : | F14: =N29 -> 28
A15: FABRICATION | E15: : | F15: 60% Cotton, 40% Polyester, 180 GSM.
A17: CTN NO. | D17: COLOR | G17: SIZE | M17: PCS/CTN | N17: TOTAL CTN | O17: TOTAL QTY | P17: CTN MEAS. | S17: WEIGHT (KGS) | U17: WEIGHT (KGS)
G18: S | H18: M | I18: L | J18: XL | K18: XXL | L18: 3XL | P18: L | Q18: W | R18: H | S18: N.W. | T18: G.W | U18: TTL N.W | V18: TTL G.W
A19: 1 | B19: - | C19: =N19 -> 4 | D19: Slate Blue Marle | G19: 60 | M19: =SUM(G19:L19) -> 60 | N19: 4 | O19: =M19*N19 -> 240 | P19: 55 | Q19: 35 | R19: 26 | S19: 10.8 | T19: =S19+1.2 -> 12 | U19: =S19*N19 -> 43.2 | V19: =T19*N19 -> 48
A20: =C19+1 -> 5 | B20: - | C20: =C19+N20 -> 9 | H20: 60 | M20: =SUM(G20:L20) -> 60 | N20: 5 | O20: =M20*N20 -> 300 | S20: 11.5 | T20: =S20+1.2 -> 12.7 | U20: =S20*N20 -> 57.5 | V20: =T20*N20 -> 63.5
A21: =C20+1 -> 10 | B21: - | C21: =C20+N21 -> 16 | I21: 50 | M21: =SUM(G21:L21) -> 50 | N21: 7 | O21: =M21*N21 -> 350 | S21: 10.3 | T21: =S21+1.2 -> 11.5 | U21: =S21*N21 -> 72.1 | V21: =T21*N21 -> 80.5
A22: =C21+1 -> 17 | B22: - | C22: =C21+N22 -> 21 | J22: 50 | M22: =SUM(G22:L22) -> 50 | N22: 5 | O22: =M22*N22 -> 250 | S22: 11 | T22: =S22+1.2 -> 12.2 | U22: =S22*N22 -> 55 | V22: =T22*N22 -> 61
A23: =C22+1 -> 22 | B23: - | C23: =C22+N23 -> 25 | K23: 40 | M23: =SUM(G23:L23) -> 40 | N23: 4 | O23: =M23*N23 -> 160 | S23: 9.5 | T23: =S23+1.2 -> 10.7 | U23: =S23*N23 -> 38 | V23: =T23*N23 -> 42.8
A24: =C23+1 -> 26 | B24: - | C24: =C23+N24 -> 26 | G24: 31 | M24: =SUM(G24:L24) -> 31 | N24: 1 | O24: =M24*N24 -> 31 | S24: 8.2 | T24: =S24+1.2 -> 9.4 | U24: =S24*N24 -> 8.2 | V24: =T24*N24 -> 9.4
A25: =C24+1 -> 27 | B25: - | C25: =C24+N25 -> 27 | H25: 55 | M25: =SUM(G25:L25) -> 55 | N25: 1 | O25: =M25*N25 -> 55 | S25: 10.8 | T25: =S25+1.2 -> 12 | U25: =S25*N25 -> 10.8 | V25: =T25*N25 -> 12
A26: =C25+1 -> 28 | B26: - | C26: =C25+N26 -> 28 | I26: 5 | J26: 13 | K26: 23 | M26: =SUM(G26:L26) -> 41 | N26: 1 | O26: =M26*N26 -> 41 | S26: 9.4 | T26: =S26+1.2 -> 10.6 | U26: =S26*N26 -> 9.4 | V26: =T26*N26 -> 10.6
A27: TOTAL | G27: =O19+G24 -> 271 | H27: =O20+H25 -> 355 | I27: =O21+I26 -> 355 | J27: =O22+J26 -> 263 | K27: =O23+K26 -> 183 | N27: =SUM(N19:N26) -> 28 | O27: =SUM(O19:O26) -> 1427 | P27: =(P19*Q19*R19)/1000000*N27 -> 1.4014 | U27: =SUM(U19:U26) -> 294.2 | V27: =SUM(V19:V26) -> 327.8
A29: GRAND TOTAL | N29: =N27 -> 28 | O29: =O27 -> 1427 | P29: =P27 -> 1.4014 | U29: =U27 -> 294.2 | V29: =V27 -> 327.8
A31: ORDER & SHIP QTY | D31: =D17 -> COLOR | G31: =G18 -> S | H31: =H18 -> M | I31: =I18 -> L | J31: =J18 -> XL | K31: =K18 -> XXL | L31: =L18 -> 3XL | M31: TOTAL
A32: ORDER QTY. | D32: =D19 -> Slate Blue Marle | G32: 270 | H32: 350 | I32: 350 | J32: 260 | K32: 180 | M32: =G32+H32+I32+J32+K32+L32 -> 1410
A33: SHIP QTY. | G33: =G27 -> 271 | H33: =H27 -> 355 | I33: =I27 -> 355 | J33: =J27 -> 263 | K33: =K27 -> 183 | L33: =L27 -> 0 | M33: =G33+H33+I33+J33+K33+L33 -> 1427

Sheet 165KA
A1: FOUR DESIGN (PVT.) LTD
A2: A 100% Export Oriented Knit Garments
A3: Plot # S - 7 & S - 8, BSCIC, I/E, Fatullah, Narayanganj.
A5: PACKING LIST
A7: BUYER | E7: : | F7: PACIFIC COLLECTIONS | U7: Date:
A8: ORDER NO | E8: : | F8: 53920
A9: ITEM CODE | E9: : | F9: 165KA
A10: ITEM NAME | E10: : | F10: Embroidered Koru Kiwi
A11: ORDER QTY. | E11: : | F11: 1590
A12: SHIPPEPD QTY. | E12: : | F12: =M33 -> 1611
A13: EXCESS/SHORT QTY. | E13: : | F13: =F12-F11 -> 21
A14: CTN QTY. | E14: : | F14: =N29 -> 33
A15: FABRICATION | E15: : | F15: 100% Cotton, 180 GSM.
A17: CTN NO. | D17: COLOR | G17: SIZE | M17: PCS/CTN | N17: TOTAL CTN | O17: TOTAL QTY | P17: CTN MEAS. | S17: WEIGHT (KGS) | U17: WEIGHT (KGS)
G18: S | H18: M | I18: L | J18: XL | K18: XXL | L18: 3XL | P18: L | Q18: W | R18: H | S18: N.W. | T18: G.W | U18: TTL N.W | V18: TTL G.W
A19: 1 | B19: - | C19: =N19 -> 6 | D19: Khaki | G19: 55 | M19: =SUM(G19:L19) -> 55 | N19: 6 | O19: =M19*N19 -> 330 | P19: 55 | Q19: 35 | R19: 26 | S19: 10.3 | T19: =S19+1.2 -> 11.5 | U19: =S19*N19 -> 61.8 | V19: =T19*N19 -> 69
A20: =C19+1 -> 7 | B20: - | C20: =C19+N20 -> 12 | H20: 55 | M20: =SUM(G20:L20) -> 55 | N20: 6 | O20: =M20*N20 -> 330 | S20: 10.9 | T20: =S20+1.2 -> 12.1 | U20: =S20*N20 -> 65.4 | V20: =T20*N20 -> 72.6
A21: =C20+1 -> 13 | B21: - | C21: =C20+N21 -> 20 | I21: 50 | M21: =SUM(G21:L21) -> 50 | N21: 8 | O21: =M21*N21 -> 400 | S21: 10.6 | T21: =S21+1.2 -> 11.8 | U21: =S21*N21 -> 84.8 | V21: =T21*N21 -> 94.4
A22: =C21+1 -> 21 | B22: - | C22: =C21+N22 -> 26 | J22: 40 | M22: =SUM(G22:L22) -> 40 | N22: 6 | O22: =M22*N22 -> 240 | S22: 9.2 | T22: =S22+1.2 -> 10.4 | U22: =S22*N22 -> 55.2 | V22: =T22*N22 -> 62.4
A23: =C22+1 -> 27 | B23: - | C23: =C22+N23 -> 30 | K23: 40 | M23: =SUM(G23:L23) -> 40 | N23: 4 | O23: =M23*N23 -> 160 | S23: 9.8 | T23: =S23+1.2 -> 11 | U23: =S23*N23 -> 39.2 | V23: =T23*N23 -> 44
A24: =C23+1 -> 31 | B24: - | C24: =C23+N24 -> 31 | G24: 38 | I24: 29 | M24: =SUM(G24:L24) -> 67 | N24: 1 | O24: =M24*N24 -> 67 | S24: 10.5 | T24: =S24+1.2 -> 11.7 | U24: =S24*N24 -> 10.5 | V24: =T24*N24 -> 11.7
A25: =C24+1 -> 32 | B25: - | C25: =C24+N25 -> 32 | H25: 8 | J25: 38 | M25: =SUM(G25:L25) -> 46 | N25: 1 | O25: =M25*N25 -> 46 | S25: 9.8 | T25: =S25+1.2 -> 11 | U25: =S25*N25 -> 9.8 | V25: =T25*N25 -> 11
A26: =C25+1 -> 33 | B26: - | C26: =C25+N26 -> 33 | K26: 38 | M26: =SUM(G26:L26) -> 38 | N26: 1 | O26: =M26*N26 -> 38 | S26: 9.6 | T26: =S26+1.2 -> 10.8 | U26: =S26*N26 -> 9.6 | V26: =T26*N26 -> 10.8
A27: TOTAL | G27: =O19+G24 -> 368 | H27: =O20+H25 -> 338 | I27: =O21+I24 -> 429 | J27: =O22+J25 -> 278 | K27: =O23+K26 -> 198 | N27: =SUM(N19:N26) -> 33 | O27: =SUM(O19:O26) -> 1611 | P27: =(P19*Q19*R19)/1000000*N27 -> 1.65165 | U27: =SUM(U19:U26) -> 336.3 | V27: =SUM(V19:V26) -> 375.9
A29: GRAND TOTAL | N29: =N27 -> 33 | O29: =O27 -> 1611 | P29: =P27 -> 1.65165 | U29: =U27 -> 336.3 | V29: =V27 -> 375.9
A31: ORDER & SHIP QTY | D31: =D17 -> COLOR | G31: =G18 -> S | H31: =H18 -> M | I31: =I18 -> L | J31: =J18 -> XL | K31: =K18 -> XXL | L31: =L18 -> 3XL | M31: TOTAL
A32: ORDER QTY. | D32: =D19 -> Khaki | G32: 370 | H32: 350 | I32: 400 | J32: 270 | K32: 200 | M32: =G32+H32+I32+J32+K32+L32 -> 1590
A33: SHIP QTY. | G33: =G27 -> 368 | H33: =H27 -> 338 | I33: =I27 -> 429 | J33: =J27 -> 278 | K33: =K27 -> 198 | M33: =G33+H33+I33+J33+K33+L33 -> 1611

Sheet 166NA
A1: FOUR DESIGN (PVT.) LTD
A2: A 100% Export Oriented Knit Garments
A3: Plot # S - 7 & S - 8, BSCIC, I/E, Fatullah, Narayanganj.
A5: PACKING LIST
A7: BUYER | E7: : | F7: PACIFIC COLLECTIONS | U7: Date:
A8: ORDER NO | E8: : | F8: 53920
A9: ITEM CODE | E9: : | F9: 166NA
A10: ITEM NAME | E10: : | F10: Embroidered Koru Kiwi
A11: ORDER QTY. | E11: : | F11: 1600
A12: SHIPPEPD QTY. | E12: : | F12: =M32 -> 1647
A13: EXCESS/SHORT QTY. | E13: : | F13: =F12-F11 -> 47
A14: CTN QTY. | E14: : | F14: =N28 -> 32
A15: FABRICATION | E15: : | F15: 100% Cotton, 180 GSM.
A17: CTN NO. | D17: COLOR | G17: SIZE | M17: PCS/CTN | N17: TOTAL CTN | O17: TOTAL QTY | P17: CTN MEAS. | S17: WEIGHT (KGS) | U17: WEIGHT (KGS)
G18: S | H18: M | I18: L | J18: XL | K18: XXL | L18: 3XL | P18: L | Q18: W | R18: H | S18: N.W. | T18: G.W | U18: TTL N.W | V18: TTL G.W
A19: 1 | B19: - | C19: =N19 -> 5 | D19: Navy | G19: 55 | M19: =SUM(G19:L19) -> 55 | N19: 5 | O19: =M19*N19 -> 275 | P19: 55 | Q19: 35 | R19: 26 | S19: 10 | T19: =S19+1.2 -> 11.2 | U19: =S19*N19 -> 50 | V19: =T19*N19 -> 56
A20: =C19+1 -> 6 | B20: - | C20: =C19+N20 -> 11 | H20: 55 | M20: =SUM(G20:L20) -> 55 | N20: 6 | O20: =M20*N20 -> 330 | S20: 10.6 | T20: =S20+1.2 -> 11.8 | U20: =S20*N20 -> 63.6 | V20: =T20*N20 -> 70.8
A21: =C20+1 -> 12 | B21: - | C21: =C20+N21 -> 19 | I21: 50 | M21: =SUM(G21:L21) -> 50 | N21: 8 | O21: =M21*N21 -> 400 | S21: 10.3 | T21: =S21+1.2 -> 11.5 | U21: =S21*N21 -> 82.4 | V21: =T21*N21 -> 92
A22: =C21+1 -> 20 | B22: - | C22: =C21+N22 -> 25 | J22: 50 | M22: =SUM(G22:L22) -> 50 | N22: 6 | O22: =M22*N22 -> 300 | S22: 11 | T22: =S22+1.2 -> 12.2 | U22: =S22*N22 -> 66 | V22: =T22*N22 -> 73.2
A23: =C22+1 -> 26 | B23: - | C23: =C22+N23 -> 30 | K23: 45 | M23: =SUM(G23:L23) -> 45 | N23: 5 | O23: =M23*N23 -> 225 | S23: 10.7 | T23: =S23+1.2 -> 11.9 | U23: =S23*N23 -> 53.5 | V23: =T23*N23 -> 59.5
A24: =C23+1 -> 31 | B24: - | C24: =C23+N24 -> 31 | G24: 39 | K24: 25 | M24: =SUM(G24:L24) -> 64 | N24: 1 | O24: =M24*N24 -> 64 | S24: 12.8 | T24: =S24+1.2 -> 14 | U24: =S24*N24 -> 12.8 | V24: =T24*N24 -> 14
A25: =C24+1 -> 32 | B25: - | C25: =C24+N25 -> 32 | H25: 30 | I25: 14 | J25: 9 | M25: =SUM(G25:L25) -> 53 | N25: 1 | O25: =M25*N25 -> 53 | S25: 10.9 | T25: =S25+1.2 -> 12.1 | U25: =S25*N25 -> 10.9 | V25: =T25*N25 -> 12.1
A26: TOTAL | G26: =O19+G24 -> 314 | H26: =O20+H25 -> 360 | I26: =O21+I25 -> 414 | J26: =O22+J25 -> 309 | K26: =O23+K24 -> 250 | N26: =SUM(N19:N25) -> 32 | O26: =SUM(O19:O25) -> 1647 | P26: =(P19*Q19*R19)/1000000*N26 -> 1.6016 | U26: =SUM(U19:U25) -> 339.2 | V26: =SUM(V19:V25) -> 377.6
A28: GRAND TOTAL | N28: =N26 -> 32 | O28: =O26 -> 1647 | P28: =P26 -> 1.6016 | U28: =U26 -> 339.2 | V28: =V26 -> 377.6
A30: ORDER & SHIP QTY | D30: =D17 -> COLOR | G30: =G18 -> S | H30: =H18 -> M | I30: =I18 -> L | J30: =J18 -> XL | K30: =K18 -> XXL | L30: =L18 -> 3XL | M30: TOTAL
A31: ORDER QTY. | D31: =D19 -> Navy | G31: 300 | H31: 350 | I31: 400 | J31: 300 | K31: 250 | M31: =G31+H31+I31+J31+K31+L31 -> 1600
A32: SHIP QTY. | G32: =G26 -> 314 | H32: =H26 -> 360 | I32: =I26 -> 414 | J32: =J26 -> 309 | K32: =K26 -> 250 | M32: =G32+H32+I32+J32+K32+L32 -> 1647

Sheet 168BL
A1: FOUR DESIGN (PVT.) LTD
A2: A 100% Export Oriented Knit Garments
A3: Plot # S - 7 & S - 8, BSCIC, I/E, Fatullah, Narayanganj.
A5: PACKING LIST
A7: BUYER | E7: : | F7: PACIFIC COLLECTIONS | U7: Date:
A8: ORDER NO | E8: : | F8: 53920
A9: ITEM CODE | E9: : | F9: 168BL
A10: ITEM NAME | E10: : | F10: Embroidered Kiwi
A11: ORDER QTY. | E11: : | F11: 1900
A12: SHIPPEPD QTY. | E12: : | F12: =M31 -> 1916
A13: EXCESS/SHORT QTY. | E13: : | F13: =F12-F11 -> 16
A14: CTN QTY. | E14: : | F14: =N27 -> 37
A15: FABRICATION | E15: : | F15: 100% Cotton, 180 GSM.
A17: CTN NO. | D17: COLOR | G17: SIZE | M17: PCS/CTN | N17: TOTAL CTN | O17: TOTAL QTY | P17: CTN MEAS. | S17: WEIGHT (KGS) | U17: WEIGHT (KGS)
G18: S | H18: M | I18: L | J18: XL | K18: XXL | L18: 3XL | P18: L | Q18: W | R18: H | S18: N.W. | T18: G.W | U18: TTL N.W | V18: TTL G.W
A19: 1 | B19: - | C19: =N19 -> 6 | D19: Black | G19: 60 | M19: =SUM(G19:L19) -> 60 | N19: 6 | O19: =M19*N19 -> 360 | P19: 55 | Q19: 35 | R19: 26 | S19: 9.6 | T19: =S19+1.2 -> 10.8 | U19: =S19*N19 -> 57.6 | V19: =T19*N19 -> 64.8
A20: =C19+1 -> 7 | B20: - | C20: =C19+N20 -> 14 | H20: 55 | M20: =SUM(G20:L20) -> 55 | N20: 8 | O20: =M20*N20 -> 440 | S20: 9.8 | T20: =S20+1.2 -> 11 | U20: =S20*N20 -> 78.4 | V20: =T20*N20 -> 88
A21: =C20+1 -> 15 | B21: - | C21: =C20+N21 -> 23 | I21: 50 | M21: =SUM(G21:L21) -> 50 | N21: 9 | O21: =M21*N21 -> 450 | S21: 9.1 | T21: =S21+1.2 -> 10.3 | U21: =S21*N21 -> 81.9 | V21: =T21*N21 -> 92.7
A22: =C21+1 -> 24 | B22: - | C22: =C21+N22 -> 31 | J22: 50 | M22: =SUM(G22:L22) -> 50 | N22: 8 | O22: =M22*N22 -> 400 | S22: 9.9 | T22: =S22+1.2 -> 11.1 | U22: =S22*N22 -> 79.2 | V22: =T22*N22 -> 88.8
A23: =C22+1 -> 32 | B23: - | C23: =C22+N23 -> 36 | K23: 40 | M23: =SUM(G23:L23) -> 40 | N23: 5 | O23: =M23*N23 -> 200 | S23: 8.4 | T23: =S23+1.2 -> 9.6 | U23: =S23*N23 -> 42 | V23: =T23*N23 -> 48
A24: =C23+1 -> 37 | B24: - | C24: =C23+N24 -> 37 | G24: 35 | H24: 19 | I24: 6 | J24: 6 | M24: =SUM(G24:L24) -> 66 | N24: 1 | O24: =M24*N24 -> 66 | S24: 12.1 | T24: =S24+1.2 -> 13.3 | U24: =S24*N24 -> 12.1 | V24: =T24*N24 -> 13.3
A25: TOTAL | G25: =O19+G24 -> 395 | H25: =O20+H24 -> 459 | I25: =O21+I24 -> 456 | J25: =O22+J24 -> 406 | K25: =O23 -> 200 | N25: =SUM(N19:N24) -> 37 | O25: =SUM(O19:O24) -> 1916 | P25: =(P19*Q19*R19)/1000000*N25 -> 1.85185 | U25: =SUM(U19:U24) -> 351.2 | V25: =SUM(V19:V24) -> 395.6
A27: GRAND TOTAL | N27: =N25 -> 37 | O27: =O25 -> 1916 | P27: =P25 -> 1.85185 | U27: =U25 -> 351.2 | V27: =V25 -> 395.6
A29: ORDER & SHIP QTY | D29: =D17 -> COLOR | G29: =G18 -> S | H29: =H18 -> M | I29: =I18 -> L | J29: =J18 -> XL | K29: =K18 -> XXL | L29: =L18 -> 3XL | M29: TOTAL
A30: ORDER QTY. | D30: =D19 -> Black | G30: 400 | H30: 450 | I30: 450 | J30: 400 | K30: 200 | M30: =G30+H30+I30+J30+K30+L30 -> 1900
A31: SHIP QTY. | G31: =G25 -> 395 | H31: =H25 -> 459 | I31: =I25 -> 456 | J31: =J25 -> 406 | K31: =K25 -> 200 | L31: =L25 -> 0 | M31: =G31+H31+I31+J31+K31+L31 -> 1916

Sheet 169WK
A1: FOUR DESIGN (PVT.) LTD
A2: A 100% Export Oriented Knit Garments
A3: Plot # S - 7 & S - 8, BSCIC, I/E, Fatullah, Narayanganj.
A5: PACKING LIST
A7: BUYER | E7: : | F7: PACIFIC COLLECTIONS | U7: Date:
A8: ORDER NO | E8: : | F8: 53920
A9: ITEM CODE | E9: : | F9: 169WK
A10: ITEM NAME | E10: : | F10: Embroidered Kiwi
A11: ORDER QTY. | E11: : | F11: 1530
A12: SHIPPEPD QTY. | E12: : | F12: =M33 -> 1581
A13: EXCESS/SHORT QTY. | E13: : | F13: =F12-F11 -> 51
A14: CTN QTY. | E14: : | F14: =N29 -> 31
A15: FABRICATION | E15: : | F15: 60% Cotton, 40% Polyester, 180 GSM.
A17: CTN NO. | D17: COLOR | G17: SIZE | M17: PCS/CTN | N17: TOTAL CTN | O17: TOTAL QTY | P17: CTN MEAS. | S17: WEIGHT (KGS) | U17: WEIGHT (KGS)
G18: S | H18: M | I18: L | J18: XL | K18: XXL | L18: 3XL | P18: L | Q18: W | R18: H | S18: N.W. | T18: G.W | U18: TTL N.W | V18: TTL G.W
A19: 1 | B19: - | C19: =N19 -> 7 | D19: Teal Marl | G19: 55 | M19: =SUM(G19:L19) -> 55 | N19: 7 | O19: =M19*N19 -> 385 | P19: 55 | Q19: 35 | R19: 26 | S19: 9.8 | T19: =S19+1.2 -> 11 | U19: =S19*N19 -> 68.6 | V19: =T19*N19 -> 77
A20: =C19+1 -> 8 | B20: - | C20: =C19+N20 -> 14 | H20: 55 | M20: =SUM(G20:L20) -> 55 | N20: 7 | O20: =M20*N20 -> 385 | S20: 11.1 | T20: =S20+1.2 -> 12.3 | U20: =S20*N20 -> 77.7 | V20: =T20*N20 -> 86.1
A21: =C20+1 -> 15 | B21: - | C21: =C20+N21 -> 21 | I21: 50 | M21: =SUM(G21:L21) -> 50 | N21: 7 | O21: =M21*N21 -> 350 | S21: 10.9 | T21: =S21+1.2 -> 12.1 | U21: =S21*N21 -> 76.3 | V21: =T21*N21 -> 84.7
A22: =C21+1 -> 22 | B22: - | C22: =C21+N22 -> 26 | J22: 50 | M22: =SUM(G22:L22) -> 50 | N22: 5 | O22: =M22*N22 -> 250 | S22: 11.4 | T22: =S22+1.2 -> 12.6 | U22: =S22*N22 -> 57 | V22: =T22*N22 -> 63
A23: =C22+1 -> 27 | B23: - | C23: =C22+N23 -> 28 | K23: 45 | M23: =SUM(G23:L23) -> 45 | N23: 2 | O23: =M23*N23 -> 90 | S23: 11.1 | T23: =S23+1.2 -> 12.3 | U23: =S23*N23 -> 22.2 | V23: =T23*N23 -> 24.6
A24: =C23+1 -> 29 | B24: - | C24: =C23+N24 -> 29 | G24: 40 | M24: =SUM(G24:L24) -> 40 | N24: 1 | O24: =M24*N24 -> 40 | S24: 9.9 | T24: =S24+1.2 -> 11.1 | U24: =S24*N24 -> 9.9 | V24: =T24*N24 -> 11.1
A25: =C24+1 -> 30 | B25: - | C25: =C24+N25 -> 30 | H25: 13 | I25: 33 | M25: =SUM(G25:L25) -> 46 | N25: 1 | O25: =M25*N25 -> 46 | S25: 9.9 | T25: =S25+1.2 -> 11.1 | U25: =S25*N25 -> 9.9 | V25: =T25*N25 -> 11.1
A26: =C25+1 -> 31 | B26: - | C26: =C25+N26 -> 31 | K26: 35 | M26: =SUM(G26:L26) -> 35 | N26: 1 | O26: =M26*N26 -> 35 | S26: 8.6 | T26: =S26+1.2 -> 9.8 | U26: =S26*N26 -> 8.6 | V26: =T26*N26 -> 9.8
A27: TOTAL | G27: =O19+G24 -> 425 | H27: =O20+H25 -> 398 | I27: =O21+I25 -> 383 | J27: =O22+J26 -> 250 | K27: =O23+K26 -> 125 | N27: =SUM(N19:N26) -> 31 | O27: =SUM(O19:O26) -> 1581 | P27: =(P19*Q19*R19)/1000000*N27 -> 1.55155 | U27: =SUM(U19:U26) -> 330.2 | V27: =SUM(V19:V26) -> 367.4
A29: GRAND TOTAL | N29: =N27 -> 31 | O29: =O27 -> 1581 | P29: =P27 -> 1.55155 | U29: =U27 -> 330.2 | V29: =V27 -> 367.4
A31: ORDER & SHIP QTY | D31: =D17 -> COLOR | G31: =G18 -> S | H31: =H18 -> M | I31: =I18 -> L | J31: =J18 -> XL | K31: =K18 -> XXL | L31: =L18 -> 3XL | M31: TOTAL
A32: ORDER QTY. | D32: =D19 -> Teal Marl | G32: 400 | H32: 400 | I32: 370 | J32: 240 | K32: 120 | M32: =G32+H32+I32+J32+K32+L32 -> 1530
A33: SHIP QTY. | G33: =G27 -> 425 | H33: =H27 -> 398 | I33: =I27 -> 383 | J33: =J27 -> 250 | K33: =K27 -> 125 | L33: =L27 -> 0 | M33: =G33+H33+I33+J33+K33+L33 -> 1581

Sheet 171WK
A1: FOUR DESIGN (PVT.) LTD
A2: A 100% Export Oriented Knit Garments
A3: Plot # S - 7 & S - 8, BSCIC, I/E, Fatullah, Narayanganj.
A5: PACKING LIST
A7: BUYER | E7: : | F7: PACIFIC COLLECTIONS | U7: Date:
A8: ORDER NO | E8: : | F8: 53920
A9: ITEM CODE | E9: : | F9: 171WK
A10: ITEM NAME | E10: : | F10: Mako
A11: ORDER QTY. | E11: : | F11: 1720
A12: SHIPPEPD QTY. | E12: : | F12: =M31 -> 1761
A13: EXCESS/SHORT QTY. | E13: : | F13: =F12-F11 -> 41
A14: CTN QTY. | E14: : | F14: =N27 -> 34
A15: FABRICATION | E15: : | F15: 100% Cotton, 180 GSM.
A17: CTN NO. | D17: COLOR | G17: SIZE | M17: PCS/CTN | N17: TOTAL CTN | O17: TOTAL QTY | P17: CTN MEAS. | S17: WEIGHT (KGS) | U17: WEIGHT (KGS)
G18: S | H18: M | I18: L | J18: XL | K18: XXL | L18: 3XL | P18: L | Q18: W | R18: H | S18: N.W. | T18: G.W | U18: TTL N.W | V18: TTL G.W
A19: 1 | B19: - | C19: =N19 -> 5 | D19: Teal | G19: 60 | M19: =SUM(G19:L19) -> 60 | N19: 5 | O19: =M19*N19 -> 300 | P19: 55 | Q19: 35 | R19: 26 | S19: 9.6 | T19: =S19+1.2 -> 10.8 | U19: =S19*N19 -> 48 | V19: =T19*N19 -> 54
A20: =C19+1 -> 6 | B20: - | C20: =C19+N20 -> 11 | H20: 60 | M20: =SUM(G20:L20) -> 60 | N20: 6 | O20: =M20*N20 -> 360 | S20: 10.4 | T20: =S20+1.2 -> 11.6 | U20: =S20*N20 -> 62.4 | V20: =T20*N20 -> 69.6
A21: =C20+1 -> 12 | B21: - | C21: =C20+N21 -> 19 | I21: 50 | M21: =SUM(G21:L21) -> 50 | N21: 8 | O21: =M21*N21 -> 400 | S21: 9.1 | T21: =S21+1.2 -> 10.3 | U21: =S21*N21 -> 72.8 | V21: =T21*N21 -> 82.4
A22: =C21+1 -> 20 | B22: - | C22: =C21+N22 -> 27 | J22: 50 | M22: =SUM(G22:L22) -> 50 | N22: 8 | O22: =M22*N22 -> 400 | S22: 9.9 | T22: =S22+1.2 -> 11.1 | U22: =S22*N22 -> 79.2 | V22: =T22*N22 -> 88.8
A23: =C22+1 -> 28 | B23: - | C23: =C22+N23 -> 33 | K23: 40 | M23: =SUM(G23:L23) -> 40 | N23: 6 | O23: =M23*N23 -> 240 | S23: 8.4 | T23: =S23+1.2 -> 9.6 | U23: =S23*N23 -> 50.4 | V23: =T23*N23 -> 57.6
A24: =C23+1 -> 34 | B24: - | C24: =C23+N24 -> 34 | G24: 6 | H24: 21 | I24: 4 | J24: 13 | K24: 17 | M24: =SUM(G24:L24) -> 61 | N24: 1 | O24: =M24*N24 -> 61 | S24: 11.9 | T24: =S24+1.2 -> 13.1 | U24: =S24*N24 -> 11.9 | V24: =T24*N24 -> 13.1
A25: TOTAL | G25: =O19+G24 -> 306 | H25: =O20+H24 -> 381 | I25: =O21+I24 -> 404 | J25: =O22+J24 -> 413 | K25: =O23+K24 -> 257 | N25: =SUM(N19:N24) -> 34 | O25: =SUM(O19:O24) -> 1761 | P25: =(P19*Q19*R19)/1000000*N25 -> 1.7017 | U25: =SUM(U19:U24) -> 324.7 | V25: =SUM(V19:V24) -> 365.5
A27: GRAND TOTAL | N27: =N25 -> 34 | O27: =O25 -> 1761 | P27: =P25 -> 1.7017 | U27: =U25 -> 324.7 | V27: =V25 -> 365.5
A29: ORDER & SHIP QTY | D29: =D17 -> COLOR | G29: =G18 -> S | H29: =H18 -> M | I29: =I18 -> L | J29: =J18 -> XL | K29: =K18 -> XXL | L29: =L18 -> 3XL | M29: TOTAL
A30: ORDER QTY. | D30: =D19 -> Teal | G30: 300 | H30: 370 | I30: 400 | J30: 400 | K30: 250 | M30: =G30+H30+I30+J30+K30+L30 -> 1720
A31: SHIP QTY. | G31: =G25 -> 306 | H31: =H25 -> 381 | I31: =I25 -> 404 | J31: =J25 -> 413 | K31: =K25 -> 257 | L31: =L25 -> 0 | M31: =G31+H31+I31+J31+K31+L31 -> 1761

Sheet 115KP
A1: FOUR DESIGN (PVT.) LTD
A2: A 100% Export Oriented Knit Garments
A3: Plot # S - 7 & S - 8, BSCIC, I/E, Fatullah, Narayanganj.
A5: PACKING LIST
A7: BUYER | E7: : | F7: PACIFIC COLLECTIONS | U7: Date:
A8: ORDER NO | E8: : | F8: 53920
A9: ITEM CODE | E9: : | F9: 115KP
A10: ITEM NAME | E10: : | F10: Fern
A11: ORDER QTY. | E11: : | F11: 1650
A12: SHIPPEPD QTY. | E12: : | F12: =M33 -> 1706
A13: EXCESS/SHORT QTY. | E13: : | F13: =F12-F11 -> 56
A14: CTN QTY. | E14: : | F14: =N29 -> 25
A15: FABRICATION | E15: : | F15: 100% Cotton, 150 GSM.
A17: CTN NO. | D17: COLOR | G17: SIZE | M17: PCS/CTN | N17: TOTAL CTN | O17: TOTAL QTY | P17: CTN MEAS. | S17: WEIGHT (KGS) | U17: WEIGHT (KGS)
G18: S | H18: M | I18: L | J18: XL | K18: XXL | L18: 3XL | P18: L | Q18: W | R18: H | S18: N.W. | T18: G.W | U18: TTL N.W | V18: TTL G.W
A19: 1 | B19: - | C19: =N19 -> 4 | D19: Aqua | G19: 80 | M19: =SUM(G19:L19) -> 80 | N19: 4 | O19: =M19*N19 -> 320 | P19: 55 | Q19: 28 | R19: 28 | S19: 9 | T19: =S19+1 -> 10 | U19: =S19*N19 -> 36 | V19: =T19*N19 -> 40
A20: =C19+1 -> 5 | B20: - | C20: =C19+N20 -> 8 | H20: 75 | M20: =SUM(G20:L20) -> 75 | N20: 4 | O20: =M20*N20 -> 300 | S20: 9.2 | T20: =S20+1 -> 10.2 | U20: =S20*N20 -> 36.8 | V20: =T20*N20 -> 40.8
A21: =C20+1 -> 9 | B21: - | C21: =C20+N21 -> 13 | I21: 70 | M21: =SUM(G21:L21) -> 70 | N21: 5 | O21: =M21*N21 -> 350 | S21: 9.2 | T21: =S21+1 -> 10.2 | U21: =S21*N21 -> 46 | V21: =T21*N21 -> 51
A22: =C21+1 -> 14 | B22: - | C22: =C21+N22 -> 18 | J22: 65 | M22: =SUM(G22:L22) -> 65 | N22: 5 | O22: =M22*N22 -> 325 | S22: 9.3 | T22: =S22+1 -> 10.3 | U22: =S22*N22 -> 46.5 | V22: =T22*N22 -> 51.5
A23: =C22+1 -> 19 | B23: - | C23: =C22+N23 -> 22 | K23: 60 | M23: =SUM(G23:L23) -> 60 | N23: 4 | O23: =M23*N23 -> 240 | S23: 9.1 | T23: =S23+1 -> 10.1 | U23: =S23*N23 -> 36.4 | V23: =T23*N23 -> 40.4
A24: =C23+1 -> 23 | B24: - | C24: =C23+N24 -> 23 | H24: 58 | M24: =SUM(G24:L24) -> 58 | N24: 1 | O24: =M24*N24 -> 58 | S24: 9 | T24: =S24+1 -> 10 | U24: =S24*N24 -> 9 | V24: =T24*N24 -> 10
A25: =C24+1 -> 24 | B25: - | C25: =C24+N25 -> 24 | G25: 37 | J25: 37 | M25: =SUM(G25:L25) -> 74 | N25: 1 | O25: =M25*N25 -> 74 | S25: 9.2 | T25: =S25+1 -> 10.2 | U25: =S25*N25 -> 9.2 | V25: =T25*N25 -> 10.2
A26: =C25+1 -> 25 | B26: - | C26: =C25+N26 -> 25 | I26: 16 | K26: 23 | M26: =SUM(G26:L26) -> 39 | N26: 1 | O26: =M26*N26 -> 39 | S26: 4.1 | T26: =S26+1 -> 5.1 | U26: =S26*N26 -> 4.1 | V26: =T26*N26 -> 5.1
A27: TOTAL | G27: =O19+G25 -> 357 | H27: =O20+H24 -> 358 | I27: =O21+I26 -> 366 | J27: =O22+J25 -> 362 | K27: =O23+K26 -> 263 | N27: =SUM(N19:N26) -> 25 | O27: =SUM(O19:O26) -> 1706 | P27: =(P19*Q19*R19)/1000000*N27 -> 1.078 | U27: =SUM(U19:U26) -> 224 | V27: =SUM(V19:V26) -> 249
A29: GRAND TOTAL | N29: =N27 -> 25 | O29: =O27 -> 1706 | P29: =P27 -> 1.078 | U29: =U27 -> 224 | V29: =V27 -> 249
A31: ORDER & SHIP QTY | D31: =D17 -> COLOR | G31: =G18 -> S | H31: =H18 -> M | I31: =I18 -> L | J31: =J18 -> XL | K31: =K18 -> XXL | L31: =L18 -> 3XL | M31: TOTAL
A32: ORDER QTY. | D32: =D19 -> Aqua | G32: 350 | H32: 350 | I32: 350 | J32: 350 | K32: 250 | M32: =G32+H32+I32+J32+K32+L32 -> 1650
A33: SHIP QTY. | G33: =G27 -> 357 | H33: =H27 -> 358 | I33: =I27 -> 366 | J33: =J27 -> 362 | K33: =K27 -> 263 | M33: =G33+H33+I33+J33+K33+L33 -> 1706

Sheet 119KP
A1: FOUR DESIGN (PVT.) LTD
A2: A 100% Export Oriented Knit Garments
A3: Plot # S - 7 & S - 8, BSCIC, I/E, Fatullah, Narayanganj.
A5: PACKING LIST
A7: BUYER | E7: : | F7: PACIFIC COLLECTIONS | U7: Date:
A8: ORDER NO | E8: : | F8: 53920
A9: ITEM CODE | E9: : | F9: 119KP
A10: ITEM NAME | E10: : | F10: Large Ferns
A11: ORDER QTY. | E11: : | F11: 1820
A12: SHIPPEPD QTY. | E12: : | F12: =M33 -> 1856
A13: EXCESS/SHORT QTY. | E13: : | F13: =F12-F11 -> 36
A14: CTN QTY. | E14: : | F14: =N29 -> 27
A15: FABRICATION | E15: : | F15: 100% Cotton, 150 GSM.
A17: CTN NO. | D17: COLOR | G17: SIZE | M17: PCS/CTN | N17: TOTAL CTN | O17: TOTAL QTY | P17: CTN MEAS. | S17: WEIGHT (KGS) | U17: WEIGHT (KGS)
G18: S | H18: M | I18: L | J18: XL | K18: XXL | L18: 3XL | P18: L | Q18: W | R18: H | S18: N.W. | T18: G.W | U18: TTL N.W | V18: TTL G.W
A19: 1 | B19: - | C19: =N19 -> 4 | D19: Black | G19: 80 | M19: =SUM(G19:L19) -> 80 | N19: 4 | O19: =M19*N19 -> 320 | P19: 55 | Q19: 28 | R19: 28 | S19: 10 | T19: =S19+1 -> 11 | U19: =S19*N19 -> 40 | V19: =T19*N19 -> 44
A20: =C19+1 -> 5 | B20: - | C20: =C19+N20 -> 9 | H20: 75 | M20: =SUM(G20:L20) -> 75 | N20: 5 | O20: =M20*N20 -> 375 | S20: 10.2 | T20: =S20+1 -> 11.2 | U20: =S20*N20 -> 51 | V20: =T20*N20 -> 56
A21: =C20+1 -> 10 | B21: - | C21: =C20+N21 -> 14 | I21: 70 | M21: =SUM(G21:L21) -> 70 | N21: 5 | O21: =M21*N21 -> 350 | S21: 10.25 | T21: =S21+1 -> 11.25 | U21: =S21*N21 -> 51.25 | V21: =T21*N21 -> 56.25
A22: =C21+1 -> 15 | B22: - | C22: =C21+N22 -> 20 | J22: 65 | M22: =SUM(G22:L22) -> 65 | N22: 6 | O22: =M22*N22 -> 390 | S22: 10.25 | T22: =S22+1 -> 11.25 | U22: =S22*N22 -> 61.5 | V22: =T22*N22 -> 67.5
A23: =C22+1 -> 21 | B23: - | C23: =C22+N23 -> 24 | K23: 60 | M23: =SUM(G23:L23) -> 60 | N23: 4 | O23: =M23*N23 -> 240 | S23: 10 | T23: =S23+1 -> 11 | U23: =S23*N23 -> 40 | V23: =T23*N23 -> 44
A24: =C23+1 -> 25 | B24: - | C24: =C23+N24 -> 25 | I24: 60 | M24: =SUM(G24:L24) -> 60 | N24: 1 | O24: =M24*N24 -> 60 | S24: 8.8 | T24: =S24+1 -> 9.8 | U24: =S24*N24 -> 8.8 | V24: =T24*N24 -> 9.8
A25: =C24+1 -> 26 | B25: - | C25: =C24+N25 -> 26 | G25: 31 | K25: 32 | M25: =SUM(G25:L25) -> 63 | N25: 1 | O25: =M25*N25 -> 63 | S25: 9.25 | T25: =S25+1 -> 10.25 | U25: =S25*N25 -> 9.25 | V25: =T25*N25 -> 10.25
A26: =C25+1 -> 27 | B26: - | C26: =C25+N26 -> 27 | H26: 34 | J26: 24 | M26: =SUM(G26:L26) -> 58 | N26: 1 | O26: =M26*N26 -> 58 | S26: 8.55 | T26: =S26+1 -> 9.55 | U26: =S26*N26 -> 8.55 | V26: =T26*N26 -> 9.55
A27: TOTAL | G27: =O19+G25 -> 351 | H27: =O20+H26 -> 409 | I27: =O21+I24 -> 410 | J27: =O22+J26 -> 414 | K27: =O23+K25 -> 272 | N27: =SUM(N19:N26) -> 27 | O27: =SUM(O19:O26) -> 1856 | P27: =(P19*Q19*R19)/1000000*N27 -> 1.16424 | U27: =SUM(U19:U26) -> 270.35 | V27: =SUM(V19:V26) -> 297.35
A29: GRAND TOTAL | N29: =N27 -> 27 | O29: =O27 -> 1856 | P29: =P27 -> 1.16424 | U29: =U27 -> 270.35 | V29: =V27 -> 297.35
A31: ORDER & SHIP QTY | D31: =D17 -> COLOR | G31: =G18 -> S | H31: =H18 -> M | I31: =I18 -> L | J31: =J18 -> XL | K31: =K18 -> XXL | L31: =L18 -> 3XL | M31: TOTAL
A32: ORDER QTY. | D32: =D19 -> Black | G32: 360 | H32: 400 | I32: 400 | J32: 400 | K32: 260 | M32: =G32+H32+I32+J32+K32+L32 -> 1820
A33: SHIP QTY. | G33: =G27 -> 351 | H33: =H27 -> 409 | I33: =I27 -> 410 | J33: =J27 -> 414 | K33: =K27 -> 272 | M33: =G33+H33+I33+J33+K33+L33 -> 1856

Sheet 140KP
A1: FOUR DESIGN (PVT.) LTD
A2: A 100% Export Oriented Knit Garments
A3: Plot # S - 7 & S - 8, BSCIC, I/E, Fatullah, Narayanganj.
A5: PACKING LIST
A7: BUYER | E7: : | F7: PACIFIC COLLECTIONS | U7: Date:
A8: ORDER NO | E8: : | F8: 53920
A9: ITEM CODE | E9: : | F9: 140KP
A10: ITEM NAME | E10: : | F10: Kiwi Batik
A11: ORDER QTY. | E11: : | F11: 1550
A12: SHIPPEPD QTY. | E12: : | F12: =M32 -> 1562
A13: EXCESS/SHORT QTY. | E13: : | F13: =F12-F11 -> 12
A14: CTN QTY. | E14: : | F14: =N28 -> 21
A15: FABRICATION | E15: : | F15: 100% Cotton, 150 GSM.
A17: CTN NO. | D17: COLOR | G17: SIZE | M17: PCS/CTN | N17: TOTAL CTN | O17: TOTAL QTY | P17: CTN MEAS. | S17: WEIGHT (KGS) | U17: WEIGHT (KGS)
G18: S | H18: M | I18: L | J18: XL | K18: XXL | L18: 3XL | P18: L | Q18: W | R18: H | S18: N.W. | T18: G.W | U18: TTL N.W | V18: TTL G.W
A19: 1 | B19: - | C19: =N19 -> 3 | D19: Peach | G19: 80 | M19: =SUM(G19:L19) -> 80 | N19: 3 | O19: =M19*N19 -> 240 | P19: 55 | Q19: 28 | R19: 28 | S19: 8.4 | T19: =S19+1 -> 9.4 | U19: =S19*N19 -> 25.2 | V19: =T19*N19 -> 28.2
A20: =C19+1 -> 4 | B20: - | C20: =C19+N20 -> 8 | H20: 80 | M20: =SUM(G20:L20) -> 80 | N20: 5 | O20: =M20*N20 -> 400 | S20: 8.9 | T20: =S20+1 -> 9.9 | U20: =S20*N20 -> 44.5 | V20: =T20*N20 -> 49.5
A21: =C20+1 -> 9 | B21: - | C21: =C20+N21 -> 12 | I21: 75 | M21: =SUM(G21:L21) -> 75 | N21: 4 | O21: =M21*N21 -> 300 | S21: 9.3 | T21: =S21+1 -> 10.3 | U21: =S21*N21 -> 37.2 | V21: =T21*N21 -> 41.2
A22: =C21+1 -> 13 | B22: - | C22: =C21+N22 -> 15 | J22: 75 | M22: =SUM(G22:L22) -> 75 | N22: 3 | O22: =M22*N22 -> 225 | S22: 10 | T22: =S22+1 -> 11 | U22: =S22*N22 -> 30 | V22: =T22*N22 -> 33
A23: =C22+1 -> 16 | B23: - | C23: =C22+N23 -> 19 | K23: 60 | M23: =SUM(G23:L23) -> 60 | N23: 4 | O23: =M23*N23 -> 240 | S23: 8.6 | T23: =S23+1 -> 9.6 | U23: =S23*N23 -> 34.4 | V23: =T23*N23 -> 38.4
A24: =C23+1 -> 20 | B24: - | C24: =C23+N24 -> 20 | G24: 64 | K24: 16 | M24: =SUM(G24:L24) -> 80 | N24: 1 | O24: =M24*N24 -> 80 | S24: 8.8 | T24: =S24+1 -> 9.8 | U24: =S24*N24 -> 8.8 | V24: =T24*N24 -> 9.8
A25: =C24+1 -> 21 | B25: - | C25: =C24+N25 -> 21 | H25: 3 | I25: 6 | J25: 68 | M25: =SUM(G25:L25) -> 77 | N25: 1 | O25: =M25*N25 -> 77 | S25: 8.5 | T25: =S25+1 -> 9.5 | U25: =S25*N25 -> 8.5 | V25: =T25*N25 -> 9.5
A26: TOTAL | G26: =O19+G24 -> 304 | H26: =O20+H25 -> 403 | I26: =O21+I25 -> 306 | J26: =O22+J25 -> 293 | K26: =O23+K24 -> 256 | N26: =SUM(N19:N25) -> 21 | O26: =SUM(O19:O25) -> 1562 | P26: =(P19*Q19*R19)/1000000*N26 -> 0.90552 | U26: =SUM(U19:U25) -> 188.6 | V26: =SUM(V19:V25) -> 209.6
A28: GRAND TOTAL | N28: =N26 -> 21 | O28: =O26 -> 1562 | P28: =P26 -> 0.90552 | U28: =U26 -> 188.6 | V28: =V26 -> 209.6
A30: ORDER & SHIP QTY | D30: =D17 -> COLOR | G30: =G18 -> S | H30: =H18 -> M | I30: =I18 -> L | J30: =J18 -> XL | K30: =K18 -> XXL | L30: =L18 -> 3XL | M30: TOTAL
A31: ORDER QTY. | D31: =D19 -> Peach | G31: 300 | H31: 400 | I31: 300 | J31: 300 | K31: 250 | M31: =G31+H31+I31+J31+K31+L31 -> 1550
A32: SHIP QTY. | G32: =G26 -> 304 | H32: =H26 -> 403 | I32: =I26 -> 306 | J32: =J26 -> 293 | K32: =K26 -> 256 | M32: =G32+H32+I32+J32+K32+L32 -> 1562

Sheet 173KP
A1: FOUR DESIGN (PVT.) LTD
A2: A 100% Export Oriented Knit Garments
A3: Plot # S - 7 & S - 8, BSCIC, I/E, Fatullah, Narayanganj.
A5: PACKING LIST
A7: BUYER | E7: : | F7: PACIFIC COLLECTIONS | U7: Date:
A8: ORDER NO | E8: : | F8: 53920
A9: ITEM CODE | E9: : | F9: 173KP
A10: ITEM NAME | E10: : | F10: Mosaic Kiwi
A11: ORDER QTY. | E11: : | F11: 1600
A12: SHIPPEPD QTY. | E12: : | F12: =M32 -> 1631
A13: EXCESS/SHORT QTY. | E13: : | F13: =F12-F11 -> 31
A14: CTN QTY. | E14: : | F14: =N28 -> 24
A15: FABRICATION | E15: : | F15: 100% Cotton, 150 GSM.
A17: CTN NO. | D17: COLOR | G17: SIZE | M17: PCS/CTN | N17: TOTAL CTN | O17: TOTAL QTY | P17: CTN MEAS. | S17: WEIGHT (KGS) | U17: WEIGHT (KGS)
G18: S | H18: M | I18: L | J18: XL | K18: XXL | L18: 3XL | P18: L | Q18: W | R18: H | S18: N.W. | T18: G.W | U18: TTL N.W | V18: TTL G.W
A19: 1 | B19: - | C19: =N19 -> 2 | D19: Black | G19: 80 | M19: =SUM(G19:L19) -> 80 | N19: 2 | O19: =M19*N19 -> 160 | P19: 55 | Q19: 28 | R19: 28 | S19: 9.4 | T19: =S19+1 -> 10.4 | U19: =S19*N19 -> 18.8 | V19: =T19*N19 -> 20.8
A20: =C19+1 -> 3 | B20: - | C20: =C19+N20 -> 6 | H20: 75 | M20: =SUM(G20:L20) -> 75 | N20: 4 | O20: =M20*N20 -> 300 | S20: 9.5 | T20: =S20+1 -> 10.5 | U20: =S20*N20 -> 38 | V20: =T20*N20 -> 42
A21: =C20+1 -> 7 | B21: - | C21: =C20+N21 -> 13 | I21: 70 | M21: =SUM(G21:L21) -> 70 | N21: 7 | O21: =M21*N21 -> 490 | S21: 9.6 | T21: =S21+1 -> 10.6 | U21: =S21*N21 -> 67.2 | V21: =T21*N21 -> 74.2
A22: =C21+1 -> 14 | B22: - | C22: =C21+N22 -> 17 | J22: 65 | M22: =SUM(G22:L22) -> 65 | N22: 4 | O22: =M22*N22 -> 260 | S22: 9.9 | T22: =S22+1 -> 10.9 | U22: =S22*N22 -> 39.6 | V22: =T22*N22 -> 43.6
A23: =C22+1 -> 18 | B23: - | C23: =C22+N23 -> 22 | K23: 60 | M23: =SUM(G23:L23) -> 60 | N23: 5 | O23: =M23*N23 -> 300 | S23: 9.5 | T23: =S23+1 -> 10.5 | U23: =S23*N23 -> 47.5 | V23: =T23*N23 -> 52.5
A24: =C23+1 -> 23 | B24: - | C24: =C23+N24 -> 23 | G24: 45 | I24: 14 | M24: =SUM(G24:L24) -> 59 | N24: 1 | O24: =M24*N24 -> 59 | S24: 8.6 | T24: =S24+1 -> 9.6 | U24: =S24*N24 -> 8.6 | V24: =T24*N24 -> 9.6
A25: =C24+1 -> 24 | B25: - | C25: =C24+N25 -> 24 | H25: 8 | J25: 47 | K25: 7 | M25: =SUM(G25:L25) -> 62 | N25: 1 | O25: =M25*N25 -> 62 | S25: 9.2 | T25: =S25+1 -> 10.2 | U25: =S25*N25 -> 9.2 | V25: =T25*N25 -> 10.2
A26: TOTAL | G26: =O19+G24 -> 205 | H26: =O20+H25 -> 308 | I26: =O21+I24 -> 504 | J26: =O22+J25 -> 307 | K26: =O23+K25 -> 307 | N26: =SUM(N19:N25) -> 24 | O26: =SUM(O19:O25) -> 1631 | P26: =(P19*Q19*R19)/1000000*N26 -> 1.03488 | U26: =SUM(U19:U25) -> 228.9 | V26: =SUM(V19:V25) -> 252.9
A28: GRAND TOTAL | N28: =N26 -> 24 | O28: =O26 -> 1631 | P28: =P26 -> 1.03488 | U28: =U26 -> 228.9 | V28: =V26 -> 252.9
A30: ORDER & SHIP QTY | D30: =D17 -> COLOR | G30: =G18 -> S | H30: =H18 -> M | I30: =I18 -> L | J30: =J18 -> XL | K30: =K18 -> XXL | L30: =L18 -> 3XL | M30: TOTAL
A31: ORDER QTY. | D31: =D19 -> Black | G31: 200 | H31: 300 | I31: 500 | J31: 300 | K31: 300 | M31: =G31+H31+I31+J31+K31+L31 -> 1600
A32: SHIP QTY. | G32: =G26 -> 205 | H32: =H26 -> 308 | I32: =I26 -> 504 | J32: =J26 -> 307 | K32: =K26 -> 307 | L32: =L26 -> 0 | M32: =G32+H32+I32+J32+K32+L32 -> 1631

Sheet 24VT
A1: FOUR DESIGN (PVT.) LTD
A2: A 100% Export Oriented Knit Garments
A3: Plot # S - 7 & S - 8, BSCIC, I/E, Fatullah, Narayanganj.
A5: PACKING LIST
A7: BUYER | E7: : | F7: PACIFIC COLLECTIONS | U7: Date:
A8: ORDER NO | E8: : | F8: 53920
A9: ITEM CODE | E9: : | F9: 24VT
A10: ITEM NAME | E10: : | F10: Pohutukawa
A11: ORDER QTY. | E11: : | F11: 1430
A12: SHIPPEPD QTY. | E12: : | F12: =M34 -> 1452
A13: EXCESS/SHORT QTY. | E13: : | F13: =F12-F11 -> 22
A14: CTN QTY. | E14: : | F14: =N30 -> 26
A15: FABRICATION | E15: : | F15: 95% Cotton, 5% Spandex 150 GSM.
A17: CTN NO. | D17: COLOR | G17: SIZE | M17: PCS/CTN | N17: TOTAL CTN | O17: TOTAL QTY | P17: CTN MEAS. | S17: WEIGHT (KGS) | U17: WEIGHT (KGS)
G18: S | H18: M | I18: L | J18: XL | K18: XXL | L18: 3XL | P18: L | Q18: W | R18: H | S18: N.W. | T18: G.W | U18: TTL N.W | V18: TTL G.W
A19: 1 | B19: - | C19: =N19 -> 4 | D19: Carbon | G19: 65 | M19: =SUM(G19:L19) -> 65 | N19: 4 | O19: =M19*N19 -> 260 | P19: 55 | Q19: 28 | R19: 28 | S19: 9.2 | T19: =S19+1 -> 10.2 | U19: =S19*N19 -> 36.8 | V19: =T19*N19 -> 40.8
A20: =C19+1 -> 5 | B20: - | C20: =C19+N20 -> 8 | H20: 60 | M20: =SUM(G20:L20) -> 60 | N20: 4 | O20: =M20*N20 -> 240 | S20: 9.3 | T20: =S20+1 -> 10.3 | U20: =S20*N20 -> 37.2 | V20: =T20*N20 -> 41.2
A21: =C20+1 -> 9 | B21: - | C21: =C20+N21 -> 13 | I21: 60 | M21: =SUM(G21:L21) -> 60 | N21: 5 | O21: =M21*N21 -> 300 | S21: 9.7 | T21: =S21+1 -> 10.7 | U21: =S21*N21 -> 48.5 | V21: =T21*N21 -> 53.5
A22: =C21+1 -> 14 | B22: - | C22: =C21+N22 -> 18 | J22: 55 | M22: =SUM(G22:L22) -> 55 | N22: 5 | O22: =M22*N22 -> 275 | S22: 9.6 | T22: =S22+1 -> 10.6 | U22: =S22*N22 -> 48 | V22: =T22*N22 -> 53
A23: =C22+1 -> 19 | B23: - | C23: =C22+N23 -> 22 | K23: 50 | M23: =SUM(G23:L23) -> 50 | N23: 4 | O23: =M23*N23 -> 200 | S23: 9.5 | T23: =S23+1 -> 10.5 | U23: =S23*N23 -> 38 | V23: =T23*N23 -> 42
A24: =C23+1 -> 23 | B24: - | C24: =C23+N24 -> 23 | G24: 44 | I24: 7 | M24: =SUM(G24:L24) -> 51 | N24: 1 | O24: =M24*N24 -> 51 | S24: 9 | T24: =S24+1 -> 10 | U24: =S24*N24 -> 9 | V24: =T24*N24 -> 10
A25: =C24+1 -> 24 | B25: - | C25: =C24+N25 -> 24 | H25: 59 | M25: =SUM(G25:L25) -> 59 | N25: 1 | O25: =M25*N25 -> 59 | S25: 9.3 | T25: =S25+1 -> 10.3 | U25: =S25*N25 -> 9.3 | V25: =T25*N25 -> 10.3
A26: =C25+1 -> 25 | B26: - | C26: =C25+N26 -> 25 | J26: 34 | M26: =SUM(G26:L26) -> 34 | N26: 1 | O26: =M26*N26 -> 34 | S26: 5 | T26: =S26+1 -> 6 | U26: =S26*N26 -> 5 | V26: =T26*N26 -> 6
A27: =C26+1 -> 26 | B27: - | C27: =C26+N27 -> 26 | K27: 33 | M27: =SUM(G27:L27) -> 33 | N27: 1 | O27: =M27*N27 -> 33 | S27: 5 | T27: =S27+1 -> 6 | U27: =S27*N27 -> 5 | V27: =T27*N27 -> 6
A28: TOTAL | G28: =O19+G24 -> 304 | H28: =O20+H25 -> 299 | I28: =O21+I24 -> 307 | J28: =O22+J26 -> 309 | K28: =O23+K27 -> 233 | N28: =SUM(N19:N27) -> 26 | O28: =SUM(O19:O27) -> 1452 | P28: =(P19*Q19*R19)/1000000*N28 -> 1.12112 | U28: =SUM(U19:U27) -> 236.8 | V28: =SUM(V19:V27) -> 262.8
A30: GRAND TOTAL | N30: =N28 -> 26 | O30: =O28 -> 1452 | P30: =P28 -> 1.12112 | U30: =U28 -> 236.8 | V30: =V28 -> 262.8
A32: ORDER & SHIP QTY | D32: =D17 -> COLOR | G32: =G18 -> S | H32: =H18 -> M | I32: =I18 -> L | J32: =J18 -> XL | K32: =K18 -> XXL | L32: =L18 -> 3XL | M32: TOTAL
A33: ORDER QTY. | D33: =D19 -> Carbon | G33: 300 | H33: 300 | I33: 300 | J33: 300 | K33: 230 | M33: =G33+H33+I33+J33+K33+L33 -> 1430
A34: SHIP QTY. | G34: =G28 -> 304 | H34: =H28 -> 299 | I34: =I28 -> 307 | J34: =J28 -> 309 | K34: =K28 -> 233 | L34: =L28 -> 0 | M34: =G34+H34+I34+J34+K34+L34 -> 1452

Sheet 29FT
A1: FOUR DESIGN (PVT.) LTD
A2: A 100% Export Oriented Knit Garments
A3: Plot # S - 7 & S - 8, BSCIC, I/E, Fatullah, Narayanganj.
A5: PACKING LIST
A7: BUYER | E7: : | F7: PACIFIC COLLECTIONS | U7: Date:
A8: ORDER NO | E8: : | F8: 53920
A9: ITEM CODE | E9: : | F9: 29FT
A10: ITEM NAME | E10: : | F10: Feather
A11: ORDER QTY. | E11: : | F11: 1540
A12: SHIPPEPD QTY. | E12: : | F12: =M32 -> 1559
A13: EXCESS/SHORT QTY. | E13: : | F13: =F12-F11 -> 19
A14: CTN QTY. | E14: : | F14: =N28 -> 28
A15: FABRICATION | E15: : | F15: 100% Cotton, 180 GSM.
A17: CTN NO. | D17: COLOR | G17: SIZE | M17: PCS/CTN | N17: TOTAL CTN | O17: TOTAL QTY | P17: CTN MEAS. | S17: WEIGHT (KGS) | U17: WEIGHT (KGS)
G18: S | H18: M | I18: L | J18: XL | K18: XXL | L18: 3XL | P18: L | Q18: W | R18: H | S18: N.W. | T18: G.W | U18: TTL N.W | V18: TTL G.W
A19: 1 | B19: - | C19: =N19 -> 3 | D19: Dusky Blue | G19: 70 | M19: =SUM(G19:L19) -> 70 | N19: 3 | O19: =M19*N19 -> 210 | P19: 55 | Q19: 28 | R19: 28 | S19: 9.2 | T19: =S19+1 -> 10.2 | U19: =S19*N19 -> 27.6 | V19: =T19*N19 -> 30.6
A20: =C19+1 -> 4 | B20: - | C20: =C19+N20 -> 9 | H20: 60 | M20: =SUM(G20:L20) -> 60 | N20: 6 | O20: =M20*N20 -> 360 | S20: 8.6 | T20: =S20+1 -> 9.6 | U20: =S20*N20 -> 51.6 | V20: =T20*N20 -> 57.6
A21: =C20+1 -> 10 | B21: - | C21: =C20+N21 -> 15 | I21: 60 | M21: =SUM(G21:L21) -> 60 | N21: 6 | O21: =M21*N21 -> 360 | S21: 9.3 | T21: =S21+1 -> 10.3 | U21: =S21*N21 -> 55.8 | V21: =T21*N21 -> 61.8
A22: =C21+1 -> 16 | B22: - | C22: =C21+N22 -> 21 | J22: 50 | M22: =SUM(G22:L22) -> 50 | N22: 6 | O22: =M22*N22 -> 300 | S22: 8.2 | T22: =S22+1 -> 9.2 | U22: =S22*N22 -> 49.2 | V22: =T22*N22 -> 55.2
A23: =C22+1 -> 22 | B23: - | C23: =C22+N23 -> 26 | K23: 50 | M23: =SUM(G23:L23) -> 50 | N23: 5 | O23: =M23*N23 -> 250 | S23: 9 | T23: =S23+1 -> 10 | U23: =S23*N23 -> 45 | V23: =T23*N23 -> 50
A24: =C23+1 -> 27 | B24: - | C24: =C23+N24 -> 27 | I24: 41 | M24: =SUM(G24:L24) -> 41 | N24: 1 | O24: =M24*N24 -> 41 | S24: 6.4 | T24: =S24+1 -> 7.4 | U24: =S24*N24 -> 6.4 | V24: =T24*N24 -> 7.4
A25: =C24+1 -> 28 | B25: - | C25: =C24+N25 -> 28 | G25: 25 | H25: 5 | J25: 6 | K25: 2 | M25: =SUM(G25:L25) -> 38 | N25: 1 | O25: =M25*N25 -> 38 | S25: 5.6 | T25: =S25+1 -> 6.6 | U25: =S25*N25 -> 5.6 | V25: =T25*N25 -> 6.6
A26: TOTAL | G26: =O19+G25 -> 235 | H26: =O20+H25 -> 365 | I26: =O21+I24 -> 401 | J26: =O22+J25 -> 306 | K26: =O23+K25 -> 252 | N26: =SUM(N19:N25) -> 28 | O26: =SUM(O19:O25) -> 1559 | P26: =(P19*Q19*R19)/1000000*N26 -> 1.20736 | U26: =SUM(U19:U25) -> 241.2 | V26: =SUM(V19:V25) -> 269.2
A28: GRAND TOTAL | N28: =N26 -> 28 | O28: =O26 -> 1559 | P28: =P26 -> 1.20736 | U28: =U26 -> 241.2 | V28: =V26 -> 269.2
A30: ORDER & SHIP QTY | D30: =D17 -> COLOR | G30: =G18 -> S | H30: =H18 -> M | I30: =I18 -> L | J30: =J18 -> XL | K30: =K18 -> XXL | L30: =L18 -> 3XL | M30: TOTAL
A31: ORDER QTY. | D31: =D19 -> Dusky Blue | G31: 230 | H31: 360 | I31: 400 | J31: 300 | K31: 250 | M31: =G31+H31+I31+J31+K31+L31 -> 1540
A32: SHIP QTY. | G32: =G26 -> 235 | H32: =H26 -> 365 | I32: =I26 -> 401 | J32: =J26 -> 306 | K32: =K26 -> 252 | L32: =L26 -> 0 | M32: =G32+H32+I32+J32+K32+L32 -> 1559

Sheet 31VT
A1: FOUR DESIGN (PVT.) LTD
A2: A 100% Export Oriented Knit Garments
A3: Plot # S - 7 & S - 8, BSCIC, I/E, Fatullah, Narayanganj.
A5: PACKING LIST
A7: BUYER | E7: : | F7: PACIFIC COLLECTIONS | U7: Date:
A8: ORDER NO | E8: : | F8: 53920
A9: ITEM CODE | E9: : | F9: 31VT
A10: ITEM NAME | E10: : | F10: Kombi
A11: ORDER QTY. | E11: : | F11: 1050
A12: SHIPPEPD QTY. | E12: : | F12: =M32 -> 1055
A13: EXCESS/SHORT QTY. | E13: : | F13: =F12-F11 -> 5
A14: CTN QTY. | E14: : | F14: =N28 -> 16
A15: FABRICATION | E15: : | F15: 60% Cotton, 40% Polyester, 180 GSM.
A17: CTN NO. | D17: COLOR | G17: SIZE | M17: PCS/CTN | N17: TOTAL CTN | O17: TOTAL QTY | P17: CTN MEAS. | S17: WEIGHT (KGS) | U17: WEIGHT (KGS)
G18: S | H18: M | I18: L | J18: XL | K18: XXL | L18: 3XL | P18: L | Q18: W | R18: H | S18: N.W. | T18: G.W | U18: TTL N.W | V18: TTL G.W
A19: 1 | B19: - | C19: =N19 -> 2 | D19: Coral Marl | G19: 80 | M19: =SUM(G19:L19) -> 80 | N19: 2 | O19: =M19*N19 -> 160 | P19: 55 | Q19: 28 | R19: 28 | S19: 10.9 | T19: =S19+1 -> 11.9 | U19: =S19*N19 -> 21.8 | V19: =T19*N19 -> 23.8
A20: =C19+1 -> 3 | B20: - | C20: =C19+N20 -> 5 | H20: 75 | M20: =SUM(G20:L20) -> 75 | N20: 3 | O20: =M20*N20 -> 225 | S20: 11 | T20: =S20+1 -> 12 | U20: =S20*N20 -> 33 | V20: =T20*N20 -> 36
A21: =C20+1 -> 6 | B21: - | C21: =C20+N21 -> 8 | I21: 70 | M21: =SUM(G21:L21) -> 70 | N21: 3 | O21: =M21*N21 -> 210 | S21: 11.25 | T21: =S21+1 -> 12.25 | U21: =S21*N21 -> 33.75 | V21: =T21*N21 -> 36.75
A22: =C21+1 -> 9 | B22: - | C22: =C21+N22 -> 11 | J22: 60 | M22: =SUM(G22:L22) -> 60 | N22: 3 | O22: =M22*N22 -> 180 | S22: 11.25 | T22: =S22+1 -> 12.25 | U22: =S22*N22 -> 33.75 | V22: =T22*N22 -> 36.75
A23: =C22+1 -> 12 | B23: - | C23: =C22+N23 -> 14 | K23: 50 | M23: =SUM(G23:L23) -> 50 | N23: 3 | O23: =M23*N23 -> 150 | S23: 9.15 | T23: =S23+1 -> 10.15 | U23: =S23*N23 -> 27.45 | V23: =T23*N23 -> 30.45
A24: =C23+1 -> 15 | B24: - | C24: =C23+N24 -> 15 | G24: 37 | H24: 29 | K24: 4 | M24: =SUM(G24:L24) -> 70 | N24: 1 | O24: =M24*N24 -> 70 | S24: 10.15 | T24: =S24+1 -> 11.15 | U24: =S24*N24 -> 10.15 | V24: =T24*N24 -> 11.15
A25: =C24+1 -> 16 | B25: - | C25: =C24+N25 -> 16 | I25: 47 | J25: 13 | M25: =SUM(G25:L25) -> 60 | N25: 1 | O25: =M25*N25 -> 60 | S25: 9.9 | T25: =S25+1 -> 10.9 | U25: =S25*N25 -> 9.9 | V25: =T25*N25 -> 10.9
A26: TOTAL | G26: =O19+G24 -> 197 | H26: =O20+H24 -> 254 | I26: =O21+I25 -> 257 | J26: =O22+J25 -> 193 | K26: =O23+K24 -> 154 | N26: =SUM(N19:N25) -> 16 | O26: =SUM(O19:O25) -> 1055 | P26: =(P19*Q19*R19)/1000000*N26 -> 0.68992 | U26: =SUM(U19:U25) -> 169.8 | V26: =SUM(V19:V25) -> 185.8
A28: GRAND TOTAL | N28: =N26 -> 16 | O28: =O26 -> 1055 | P28: =P26 -> 0.68992 | U28: =U26 -> 169.8 | V28: =V26 -> 185.8
A30: ORDER & SHIP QTY | D30: =D17 -> COLOR | G30: =G18 -> S | H30: =H18 -> M | I30: =I18 -> L | J30: =J18 -> XL | K30: =K18 -> XXL | L30: =L18 -> 3XL | M30: TOTAL
A31: ORDER QTY. | D31: =D19 -> Coral Marl | G31: 200 | H31: 250 | I31: 250 | J31: 200 | K31: 150 | M31: =G31+H31+I31+J31+K31+L31 -> 1050
A32: SHIP QTY. | G32: =G26 -> 197 | H32: =H26 -> 254 | I32: =I26 -> 257 | J32: =J26 -> 193 | K32: =K26 -> 154 | M32: =G32+H32+I32+J32+K32+L32 -> 1055

Sheet 32FT
A1: FOUR DESIGN (PVT.) LTD
A2: A 100% Export Oriented Knit Garments
A3: Plot # S - 7 & S - 8, BSCIC, I/E, Fatullah, Narayanganj.
A5: PACKING LIST
A7: BUYER | E7: : | F7: PACIFIC COLLECTIONS | U7: Date:
A8: ORDER NO | E8: : | F8: 53920
A9: ITEM CODE | E9: : | F9: 32FT
A10: ITEM NAME | E10: : | F10: Paisley Kiwi
A11: ORDER QTY. | E11: : | F11: 1600
A12: SHIPPEPD QTY. | E12: : | F12: =M32 -> 1629
A13: EXCESS/SHORT QTY. | E13: : | F13: =F12-F11 -> 29
A14: CTN QTY. | E14: : | F14: =N28 -> 28
A15: FABRICATION | E15: : | F15: 100% Cotton, 180 GSM.
A17: CTN NO. | D17: COLOR | G17: SIZE | M17: PCS/CTN | N17: TOTAL CTN | O17: TOTAL QTY | P17: CTN MEAS. | S17: WEIGHT (KGS) | U17: WEIGHT (KGS)
G18: S | H18: M | I18: L | J18: XL | K18: XXL | L18: 3XL | P18: L | Q18: W | R18: H | S18: N.W. | T18: G.W | U18: TTL N.W | V18: TTL G.W
A19: 1 | B19: - | C19: =N19 -> 2 | D19: Cerise | G19: 70 | M19: =SUM(G19:L19) -> 70 | N19: 2 | O19: =M19*N19 -> 140 | P19: 55 | Q19: 28 | R19: 28 | S19: 9.45 | T19: =S19+1 -> 10.45 | U19: =S19*N19 -> 18.9 | V19: =T19*N19 -> 20.9
A20: =C19+1 -> 3 | B20: - | C20: =C19+N20 -> 8 | H20: 65 | M20: =SUM(G20:L20) -> 65 | N20: 6 | O20: =M20*N20 -> 390 | S20: 9.6 | T20: =S20+1 -> 10.6 | U20: =S20*N20 -> 57.6 | V20: =T20*N20 -> 63.6
A21: =C20+1 -> 9 | B21: - | C21: =C20+N21 -> 13 | I21: 60 | M21: =SUM(G21:L21) -> 60 | N21: 5 | O21: =M21*N21 -> 300 | S21: 9.65 | T21: =S21+1 -> 10.65 | U21: =S21*N21 -> 48.25 | V21: =T21*N21 -> 53.25
A22: =C21+1 -> 14 | B22: - | C22: =C21+N22 -> 20 | J22: 50 | M22: =SUM(G22:L22) -> 50 | N22: 7 | O22: =M22*N22 -> 350 | S22: 8.65 | T22: =S22+1 -> 9.65 | U22: =S22*N22 -> 60.55 | V22: =T22*N22 -> 67.55
A23: =C22+1 -> 21 | B23: - | C23: =C22+N23 -> 26 | K23: 50 | M23: =SUM(G23:L23) -> 50 | N23: 6 | O23: =M23*N23 -> 300 | S23: 9.15 | T23: =S23+1 -> 10.15 | U23: =S23*N23 -> 54.9 | V23: =T23*N23 -> 60.9
A24: =C23+1 -> 27 | B24: - | C24: =C23+N24 -> 27 | G24: 66 | J24: 11 | M24: =SUM(G24:L24) -> 77 | N24: 1 | O24: =M24*N24 -> 77 | S24: 11.1 | T24: =S24+1 -> 12.1 | U24: =S24*N24 -> 11.1 | V24: =T24*N24 -> 12.1
A25: =C24+1 -> 28 | B25: - | C25: =C24+N25 -> 28 | H25: 14 | I25: 51 | K25: 7 | M25: =SUM(G25:L25) -> 72 | N25: 1 | O25: =M25*N25 -> 72 | S25: 11.6 | T25: =S25+1 -> 12.6 | U25: =S25*N25 -> 11.6 | V25: =T25*N25 -> 12.6
A26: TOTAL | G26: =O19+G24 -> 206 | H26: =O20+H25 -> 404 | I26: =O21+I25 -> 351 | J26: =O22+J24 -> 361 | K26: =O23+K25 -> 307 | N26: =SUM(N19:N25) -> 28 | O26: =SUM(O19:O25) -> 1629 | P26: =(P19*Q19*R19)/1000000*N26 -> 1.20736 | U26: =SUM(U19:U25) -> 262.9 | V26: =SUM(V19:V25) -> 290.9
A28: GRAND TOTAL | N28: =N26 -> 28 | O28: =O26 -> 1629 | P28: =P26 -> 1.20736 | U28: =U26 -> 262.9 | V28: =V26 -> 290.9
A30: ORDER & SHIP QTY | D30: =D17 -> COLOR | G30: =G18 -> S | H30: =H18 -> M | I30: =I18 -> L | J30: =J18 -> XL | K30: =K18 -> XXL | L30: =L18 -> 3XL | M30: TOTAL
A31: ORDER QTY. | D31: =D19 -> Cerise | G31: 200 | H31: 400 | I31: 350 | J31: 350 | K31: 300 | M31: =G31+H31+I31+J31+K31+L31 -> 1600
A32: SHIP QTY. | G32: =G26 -> 206 | H32: =H26 -> 404 | I32: =I26 -> 351 | J32: =J26 -> 361 | K32: =K26 -> 307 | M32: =G32+H32+I32+J32+K32+L32 -> 1629

Sheet 39VT
A1: FOUR DESIGN (PVT.) LTD
A2: A 100% Export Oriented Knit Garments
A3: Plot # S - 7 & S - 8, BSCIC, I/E, Fatullah, Narayanganj.
A5: PACKING LIST
A7: BUYER | E7: : | F7: PACIFIC COLLECTIONS | U7: Date:
A8: ORDER NO | E8: : | F8: 53920
A9: ITEM CODE | E9: : | F9: 39VT
A10: ITEM NAME | E10: : | F10: Kiwi & Korus
A11: ORDER QTY. | E11: : | F11: 1750
A12: SHIPPEPD QTY. | E12: : | F12: =M32 -> 1785
A13: EXCESS/SHORT QTY. | E13: : | F13: =F12-F11 -> 35
A14: CTN QTY. | E14: : | F14: =N28 -> 30
A15: FABRICATION | E15: : | F15: 100% Cotton, 180 GSM.
A17: CTN NO. | D17: COLOR | G17: SIZE | M17: PCS/CTN | N17: TOTAL CTN | O17: TOTAL QTY | P17: CTN MEAS. | S17: WEIGHT (KGS) | U17: WEIGHT (KGS)
G18: S | H18: M | I18: L | J18: XL | K18: XXL | L18: 3XL | P18: L | Q18: W | R18: H | S18: N.W. | T18: G.W | U18: TTL N.W | V18: TTL G.W
A19: 1 | B19: - | C19: =N19 -> 5 | D19: Azure Green | G19: 70 | M19: =SUM(G19:L19) -> 70 | N19: 5 | O19: =M19*N19 -> 350 | P19: 55 | Q19: 28 | R19: 28 | S19: 9.1 | T19: =S19+1 -> 10.1 | U19: =S19*N19 -> 45.5 | V19: =T19*N19 -> 50.5
A20: =C19+1 -> 6 | B20: - | C20: =C19+N20 -> 11 | H20: 65 | M20: =SUM(G20:L20) -> 65 | N20: 6 | O20: =M20*N20 -> 390 | S20: 9 | T20: =S20+1 -> 10 | U20: =S20*N20 -> 54 | V20: =T20*N20 -> 60
A21: =C20+1 -> 12 | B21: - | C21: =C20+N21 -> 17 | I21: 60 | M21: =SUM(G21:L21) -> 60 | N21: 6 | O21: =M21*N21 -> 360 | S21: 9 | T21: =S21+1 -> 10 | U21: =S21*N21 -> 54 | V21: =T21*N21 -> 60
A22: =C21+1 -> 18 | B22: - | C22: =C21+N22 -> 23 | J22: 50 | M22: =SUM(G22:L22) -> 50 | N22: 6 | O22: =M22*N22 -> 300 | S22: 8 | T22: =S22+1 -> 9 | U22: =S22*N22 -> 48 | V22: =T22*N22 -> 54
A23: =C22+1 -> 24 | B23: - | C23: =C22+N23 -> 28 | K23: 50 | M23: =SUM(G23:L23) -> 50 | N23: 5 | O23: =M23*N23 -> 250 | S23: 8.8 | T23: =S23+1 -> 9.8 | U23: =S23*N23 -> 44 | V23: =T23*N23 -> 49
A24: =C23+1 -> 29 | B24: - | C24: =C23+N24 -> 29 | G24: 4 | I24: 54 | K24: 10 | M24: =SUM(G24:L24) -> 68 | N24: 1 | O24: =M24*N24 -> 68 | S24: 11 | T24: =S24+1 -> 12 | U24: =S24*N24 -> 11 | V24: =T24*N24 -> 12
A25: =C24+1 -> 30 | B25: - | C25: =C24+N25 -> 30 | H25: 25 | J25: 42 | M25: =SUM(G25:L25) -> 67 | N25: 1 | O25: =M25*N25 -> 67 | S25: 11 | T25: =S25+1 -> 12 | U25: =S25*N25 -> 11 | V25: =T25*N25 -> 12
A26: TOTAL | G26: =O19+G24 -> 354 | H26: =O20+H25 -> 415 | I26: =O21+I24 -> 414 | J26: =O22+J25 -> 342 | K26: =O23+K24 -> 260 | N26: =SUM(N19:N25) -> 30 | O26: =SUM(O19:O25) -> 1785 | P26: =(P19*Q19*R19)/1000000*N26 -> 1.2936 | U26: =SUM(U19:U25) -> 267.5 | V26: =SUM(V19:V25) -> 297.5
A28: GRAND TOTAL | N28: =N26 -> 30 | O28: =O26 -> 1785 | P28: =P26 -> 1.2936 | U28: =U26 -> 267.5 | V28: =V26 -> 297.5
A30: ORDER & SHIP QTY | D30: =D17 -> COLOR | G30: =G18 -> S | H30: =H18 -> M | I30: =I18 -> L | J30: =J18 -> XL | K30: =K18 -> XXL | L30: =L18 -> 3XL | M30: TOTAL
A31: ORDER QTY. | D31: =D19 -> Azure Green | G31: 350 | H31: 400 | I31: 400 | J31: 350 | K31: 250 | M31: =G31+H31+I31+J31+K31+L31 -> 1750
A32: SHIP QTY. | G32: =G26 -> 354 | H32: =H26 -> 415 | I32: =I26 -> 414 | J32: =J26 -> 342 | K32: =K26 -> 260 | M32: =G32+H32+I32+J32+K32+L32 -> 1785

Sheet 50FT
A1: FOUR DESIGN (PVT.) LTD
A2: A 100% Export Oriented Knit Garments
A3: Plot # S - 7 & S - 8, BSCIC, I/E, Fatullah, Narayanganj.
A5: PACKING LIST
A7: BUYER | E7: : | F7: PACIFIC COLLECTIONS | U7: Date:
A8: ORDER NO | E8: : | F8: 53920
A9: ITEM CODE | E9: : | F9: 50FT
A10: ITEM NAME | E10: : | F10: Kiwi Tattoo
A11: ORDER QTY. | E11: : | F11: 1060
A12: SHIPPEPD QTY. | E12: : | F12: =M32 -> 1084
A13: EXCESS/SHORT QTY. | E13: : | F13: =F12-F11 -> 24
A14: CTN QTY. | E14: : | F14: =N28 -> 19
A15: FABRICATION | E15: : | F15: 100% Cotton, 180 GSM.
A17: CTN NO. | D17: COLOR | G17: SIZE | M17: PCS/CTN | N17: TOTAL CTN | O17: TOTAL QTY | P17: CTN MEAS. | S17: WEIGHT (KGS) | U17: WEIGHT (KGS)
G18: S | H18: M | I18: L | J18: XL | K18: XXL | L18: 3XL | P18: L | Q18: W | R18: H | S18: N.W. | T18: G.W | U18: TTL N.W | V18: TTL G.W
A19: 1 | B19: - | C19: =N19 -> 3 | D19: Light Blue | G19: 65 | M19: =SUM(G19:L19) -> 65 | N19: 3 | O19: =M19*N19 -> 195 | P19: 55 | Q19: 28 | R19: 28 | S19: 8 | T19: =S19+1 -> 9 | U19: =S19*N19 -> 24 | V19: =T19*N19 -> 27
A20: =C19+1 -> 4 | B20: - | C20: =C19+N20 -> 7 | H20: 60 | M20: =SUM(G20:L20) -> 60 | N20: 4 | O20: =M20*N20 -> 240 | S20: 8.1 | T20: =S20+1 -> 9.1 | U20: =S20*N20 -> 32.4 | V20: =T20*N20 -> 36.4
A21: =C20+1 -> 8 | B21: - | C21: =C20+N21 -> 11 | I21: 60 | M21: =SUM(G21:L21) -> 60 | N21: 4 | O21: =M21*N21 -> 240 | S21: 8.8 | T21: =S21+1 -> 9.8 | U21: =S21*N21 -> 35.2 | V21: =T21*N21 -> 39.2
A22: =C21+1 -> 12 | B22: - | C22: =C21+N22 -> 14 | J22: 55 | M22: =SUM(G22:L22) -> 55 | N22: 3 | O22: =M22*N22 -> 165 | S22: 8.6 | T22: =S22+1 -> 9.6 | U22: =S22*N22 -> 25.8 | V22: =T22*N22 -> 28.8
A23: =C22+1 -> 15 | B23: - | C23: =C22+N23 -> 17 | K23: 50 | M23: =SUM(G23:L23) -> 50 | N23: 3 | O23: =M23*N23 -> 150 | S23: 8.4 | T23: =S23+1 -> 9.4 | U23: =S23*N23 -> 25.2 | V23: =T23*N23 -> 28.2
A24: =C23+1 -> 18 | B24: - | C24: =C23+N24 -> 18 | G24: 12 | H24: 9 | K24: 19 | M24: =SUM(G24:L24) -> 40 | N24: 1 | O24: =M24*N24 -> 40 | S24: 8.3 | T24: =S24+1 -> 9.3 | U24: =S24*N24 -> 8.3 | V24: =T24*N24 -> 9.3
A25: =C24+1 -> 19 | B25: - | C25: =C24+N25 -> 19 | I25: 17 | J25: 37 | M25: =SUM(G25:L25) -> 54 | N25: 1 | O25: =M25*N25 -> 54 | S25: 6 | T25: =S25+1 -> 7 | U25: =S25*N25 -> 6 | V25: =T25*N25 -> 7
A26: TOTAL | G26: =O19+G24 -> 207 | H26: =O20+H24 -> 249 | I26: =O21+I25 -> 257 | J26: =O22+J25 -> 202 | K26: =O23+K24 -> 169 | N26: =SUM(N19:N25) -> 19 | O26: =SUM(O19:O25) -> 1084 | P26: =(P19*Q19*R19)/1000000*N26 -> 0.81928 | U26: =SUM(U19:U25) -> 156.9 | V26: =SUM(V19:V25) -> 175.9
A28: GRAND TOTAL | N28: =N26 -> 19 | O28: =O26 -> 1084 | P28: =P26 -> 0.81928 | U28: =U26 -> 156.9 | V28: =V26 -> 175.9
A30: ORDER & SHIP QTY | D30: =D17 -> COLOR | G30: =G18 -> S | H30: =H18 -> M | I30: =I18 -> L | J30: =J18 -> XL | K30: =K18 -> XXL | L30: =L18 -> 3XL | M30: TOTAL
A31: ORDER QTY. | D31: =D19 -> Light Blue | G31: 200 | H31: 250 | I31: 250 | J31: 200 | K31: 160 | M31: =G31+H31+I31+J31+K31+L31 -> 1060
A32: SHIP QTY. | G32: =G26 -> 207 | H32: =H26 -> 249 | I32: =I26 -> 257 | J32: =J26 -> 202 | K32: =K26 -> 169 | L32: =L26 -> 0 | M32: =G32+H32+I32+J32+K32+L32 -> 1084

Sheet 60FT
A1: FOUR DESIGN (PVT.) LTD
A2: A 100% Export Oriented Knit Garments
A3: Plot # S - 7 & S - 8, BSCIC, I/E, Fatullah, Narayanganj.
A5: PACKING LIST
A7: BUYER | E7: : | F7: PACIFIC COLLECTIONS | U7: Date:
A8: ORDER NO | E8: : | F8: 53920
A9: ITEM CODE | E9: : | F9: 60FT
A10: ITEM NAME | E10: : | F10: Retro Kiwi
A11: ORDER QTY. | E11: : | F11: 1180
A12: SHIPPEPD QTY. | E12: : | F12: =M31 -> 1207
A13: EXCESS/SHORT QTY. | E13: : | F13: =F12-F11 -> 27
A14: CTN QTY. | E14: : | F14: =N27 -> 23
A15: FABRICATION | E15: : | F15: 100% Cotton, 180 GSM.
A17: CTN NO. | D17: COLOR | G17: SIZE | M17: PCS/CTN | N17: TOTAL CTN | O17: TOTAL QTY | P17: CTN MEAS. | S17: WEIGHT (KGS) | U17: WEIGHT (KGS)
G18: S | H18: M | I18: L | J18: XL | K18: XXL | L18: 3XL | P18: L | Q18: W | R18: H | S18: N.W. | T18: G.W | U18: TTL N.W | V18: TTL G.W
A19: 1 | B19: - | C19: =N19 -> 3 | D19: Dusky Blue | G19: 65 | M19: =SUM(G19:L19) -> 65 | N19: 3 | O19: =M19*N19 -> 195 | P19: 55 | Q19: 28 | R19: 28 | S19: 8.5 | T19: =S19+1 -> 9.5 | U19: =S19*N19 -> 25.5 | V19: =T19*N19 -> 28.5
A20: =C19+1 -> 4 | B20: - | C20: =C19+N20 -> 7 | H20: 60 | M20: =SUM(G20:L20) -> 60 | N20: 4 | O20: =M20*N20 -> 240 | S20: 8.4 | T20: =S20+1 -> 9.4 | U20: =S20*N20 -> 33.6 | V20: =T20*N20 -> 37.6
A21: =C20+1 -> 8 | B21: - | C21: =C20+N21 -> 13 | I21: 50 | M21: =SUM(G21:L21) -> 50 | N21: 6 | O21: =M21*N21 -> 300 | S21: 7.8 | T21: =S21+1 -> 8.8 | U21: =S21*N21 -> 46.8 | V21: =T21*N21 -> 52.8
A22: =C21+1 -> 14 | B22: - | C22: =C21+N22 -> 18 | J22: 45 | M22: =SUM(G22:L22) -> 45 | N22: 5 | O22: =M22*N22 -> 225 | S22: 7.4 | T22: =S22+1 -> 8.4 | U22: =S22*N22 -> 37 | V22: =T22*N22 -> 42
A23: =C22+1 -> 19 | B23: - | C23: =C22+N23 -> 22 | K23: 45 | M23: =SUM(G23:L23) -> 45 | N23: 4 | O23: =M23*N23 -> 180 | S23: 7.9 | T23: =S23+1 -> 8.9 | U23: =S23*N23 -> 31.6 | V23: =T23*N23 -> 35.6
A24: =C23+1 -> 23 | B24: - | C24: =C23+N24 -> 23 | G24: 13 | H24: 11 | I24: 10 | J24: 31 | K24: 2 | M24: =SUM(G24:L24) -> 67 | N24: 1 | O24: =M24*N24 -> 67 | S24: 10.3 | T24: =S24+1 -> 11.3 | U24: =S24*N24 -> 10.3 | V24: =T24*N24 -> 11.3
A25: TOTAL | G25: =O19+G24 -> 208 | H25: =O20+H24 -> 251 | I25: =O21+I24 -> 310 | J25: =O22+J24 -> 256 | K25: =O23+K24 -> 182 | N25: =SUM(N19:N24) -> 23 | O25: =SUM(O19:O24) -> 1207 | P25: =(P19*Q19*R19)/1000000*N25 -> 0.99176 | U25: =SUM(U19:U24) -> 184.8 | V25: =SUM(V19:V24) -> 207.8
A27: GRAND TOTAL | N27: =N25 -> 23 | O27: =O25 -> 1207 | P27: =P25 -> 0.99176 | U27: =U25 -> 184.8 | V27: =V25 -> 207.8
A29: ORDER & SHIP QTY | D29: =D17 -> COLOR | G29: =G18 -> S | H29: =H18 -> M | I29: =I18 -> L | J29: =J18 -> XL | K29: =K18 -> XXL | L29: =L18 -> 3XL | M29: TOTAL
A30: ORDER QTY. | D30: =D19 -> Dusky Blue | G30: 200 | H30: 250 | I30: 300 | J30: 250 | K30: 180 | M30: =G30+H30+I30+J30+K30+L30 -> 1180
A31: SHIP QTY. | G31: =G25 -> 208 | H31: =H25 -> 251 | I31: =I25 -> 310 | J31: =J25 -> 256 | K31: =K25 -> 182 | M31: =G31+H31+I31+J31+K31+L31 -> 1207

Sheet 61FT
A1: FOUR DESIGN (PVT.) LTD
A2: A 100% Export Oriented Knit Garments
A3: Plot # S - 7 & S - 8, BSCIC, I/E, Fatullah, Narayanganj.
A5: PACKING LIST
A7: BUYER | E7: : | F7: PACIFIC COLLECTIONS | U7: Date:
A8: ORDER NO | E8: : | F8: 53920
A9: ITEM CODE | E9: : | F9: 61FT
A10: ITEM NAME | E10: : | F10: Silver Kiwi
A11: ORDER QTY. | E11: : | F11: 1100
A12: SHIPPEPD QTY. | E12: : | F12: =M33 -> 1124
A13: EXCESS/SHORT QTY. | E13: : | F13: =F12-F11 -> 24
A14: CTN QTY. | E14: : | F14: =N29 -> 19
A15: FABRICATION | E15: : | F15: 100% Cotton, 180 GSM.
A17: CTN NO. | D17: COLOR | G17: SIZE | M17: PCS/CTN | N17: TOTAL CTN | O17: TOTAL QTY | P17: CTN MEAS. | S17: WEIGHT (KGS) | U17: WEIGHT (KGS)
G18: S | H18: M | I18: L | J18: XL | K18: XXL | L18: 3XL | P18: L | Q18: W | R18: H | S18: N.W. | T18: G.W | U18: TTL N.W | V18: TTL G.W
A19: 1 | B19: - | C19: =N19 -> 2 | D19: Black | G19: 75 | M19: =SUM(G19:L19) -> 75 | N19: 2 | O19: =M19*N19 -> 150 | P19: 55 | Q19: 28 | R19: 28 | S19: 9.4 | T19: =S19+1 -> 10.4 | U19: =S19*N19 -> 18.8 | V19: =T19*N19 -> 20.8
A20: =C19+1 -> 3 | B20: - | C20: =C19+N20 -> 4 | H20: 75 | M20: =SUM(G20:L20) -> 75 | N20: 2 | O20: =M20*N20 -> 150 | S20: 9.5 | T20: =S20+1 -> 10.5 | U20: =S20*N20 -> 19 | V20: =T20*N20 -> 21
A21: =C20+1 -> 5 | B21: - | C21: =C20+N21 -> 8 | I21: 60 | M21: =SUM(G21:L21) -> 60 | N21: 4 | O21: =M21*N21 -> 240 | S21: 9.2 | T21: =S21+1 -> 10.2 | U21: =S21*N21 -> 36.8 | V21: =T21*N21 -> 40.8
A22: =C21+1 -> 9 | B22: - | C22: =C21+N22 -> 12 | J22: 55 | M22: =SUM(G22:L22) -> 55 | N22: 4 | O22: =M22*N22 -> 220 | S22: 9 | T22: =S22+1 -> 10 | U22: =S22*N22 -> 36 | V22: =T22*N22 -> 40
A23: =C22+1 -> 13 | B23: - | C23: =C22+N23 -> 16 | K23: 50 | M23: =SUM(G23:L23) -> 50 | N23: 4 | O23: =M23*N23 -> 200 | S23: 8.5 | T23: =S23+1 -> 9.5 | U23: =S23*N23 -> 34 | V23: =T23*N23 -> 38
A24: =C23+1 -> 17 | B24: - | C24: =C23+N24 -> 17 | G24: 52 | M24: =SUM(G24:L24) -> 52 | N24: 1 | O24: =M24*N24 -> 52 | S24: 8 | T24: =S24+1 -> 9 | U24: =S24*N24 -> 8 | V24: =T24*N24 -> 9
A25: =C24+1 -> 18 | B25: - | C25: =C24+N25 -> 18 | H25: 55 | M25: =SUM(G25:L25) -> 55 | N25: 1 | O25: =M25*N25 -> 55 | S25: 8.3 | T25: =S25+1 -> 9.3 | U25: =S25*N25 -> 8.3 | V25: =T25*N25 -> 9.3
A26: =C25+1 -> 19 | B26: - | C26: =C25+N26 -> 19 | I26: 15 | J26: 36 | K26: 6 | M26: =SUM(G26:L26) -> 57 | N26: 1 | O26: =M26*N26 -> 57 | S26: 8.5 | T26: =S26+1 -> 9.5 | U26: =S26*N26 -> 8.5 | V26: =T26*N26 -> 9.5
A27: TOTAL | G27: =O19+G24 -> 202 | H27: =O20+H25 -> 205 | I27: =O21+I26 -> 255 | J27: =O22+J26 -> 256 | K27: =O23+K26 -> 206 | N27: =SUM(N19:N26) -> 19 | O27: =SUM(O19:O26) -> 1124 | P27: =(P19*Q19*R19)/1000000*N27 -> 0.81928 | U27: =SUM(U19:U26) -> 169.4 | V27: =SUM(V19:V26) -> 188.4
A29: GRAND TOTAL | N29: =N27 -> 19 | O29: =O27 -> 1124 | P29: =P27 -> 0.81928 | U29: =U27 -> 169.4 | V29: =V27 -> 188.4
A31: ORDER & SHIP QTY | D31: =D17 -> COLOR | G31: =G18 -> S | H31: =H18 -> M | I31: =I18 -> L | J31: =J18 -> XL | K31: =K18 -> XXL | L31: =L18 -> 3XL | M31: TOTAL
A32: ORDER QTY. | D32: =D19 -> Black | G32: 200 | H32: 200 | I32: 250 | J32: 250 | K32: 200 | M32: =G32+H32+I32+J32+K32+L32 -> 1100
A33: SHIP QTY. | G33: =G27 -> 202 | H33: =H27 -> 205 | I33: =I27 -> 255 | J33: =J27 -> 256 | K33: =K27 -> 206 | L33: =L27 -> 0 | M33: =G33+H33+I33+J33+K33+L33 -> 1124

Sheet SUMMARY
A1: four design (pvt.) ltd
A2: A 100% Export Oriented Knit Garments
A3: Plot # S - 7 & S - 8, BSCIC, Fatullah, Narayanganj.
A5: PACIFIC COLLECTIONS - 53920
A7: SL NO | B7: ITEM CODE | C7: COLOUR | D7: ORDER QTY | E7: SEA | H7: AIR | K7: CARTON MEAS (CM) | N7: TOTAL | Q7: EXCESS QTY | R7: % +/- SHIP
E8: PCS QTY | F8: CTN QTY | G8: CBM | H8: PCS QTY | I8: CTN QTY | J8: CBM | K8: L | L8: W | M8: H | N8: PCS QTY | O8: CTN QTY | P8: CBM
A9: 01 | B9: 361KP | C9: Opal Green | D9: 1470 | E9: ='361KP'!M33 -> 1481 | F9: ='361KP'!N27 -> 21 | G9: =(K9*L9*M9)/1000000*F9 -> 0.659736 | K9: 51 | L9: 28 | M9: 22 | N9: =E9+H9 -> 1481 | O9: =F9+I9 -> 21 | P9: =G9+J9 -> 0.659736 | Q9: =N9-D9 -> 11 | R9: =Q9/D9 -> 0.0074829932
A10: 02 | B10: 364KP | C10: Sky Blue | D10: 1700 | E10: ='364KP'!M33 -> 1738 | F10: ='364KP'!N27 -> 25 | G10: =(K10*L10*M10)/1000000*F10 -> 0.7854 | K10: 51 | L10: 28 | M10: 22 | N10: =E10+H10 -> 1738 | O10: =F10+I10 -> 25 | P10: =G10+J10 -> 0.7854 | Q10: =N10-D10 -> 38 | R10: =Q10/D10 -> 0.022352941
A11: 03 | B11: 368KP | C11: Lilac | D11: 1500 | E11: ='368KP'!M32 -> 1531 | F11: ='368KP'!N26 -> 21 | G11: =(K11*L11*M11)/1000000*F11 -> 0.659736 | K11: 51 | L11: 28 | M11: 22 | N11: =E11+H11 -> 1531 | O11: =F11+I11 -> 21 | P11: =G11+J11 -> 0.659736 | Q11: =N11-D11 -> 31 | R11: =Q11/D11 -> 0.020666667
A12: 04 | B12: 378KP | C12: Hot Pink | D12: 2150 | E12: ='378KP'!M33 -> 2181 | F12: ='378KP'!N27 -> 31 | G12: =(K12*L12*M12)/1000000*F12 -> 0.973896 | K12: 51 | L12: 28 | M12: 22 | N12: =E12+H12 -> 2181 | O12: =F12+I12 -> 31 | P12: =G12+J12 -> 0.973896 | Q12: =N12-D12 -> 31 | R12: =Q12/D12 -> 0.014418605
A13: 05 | B13: 682WK | C13: Surf Blue | D13: 1000 | E13: ='682WK'!M34 -> 1013 | F13: ='682WK'!N28 -> 16 | G13: =(K13*L13*M13)/1000000*F13 -> 0.502656 | K13: 51 | L13: 28 | M13: 22 | N13: =E13+H13 -> 1013 | O13: =F13+I13 -> 16 | P13: =G13+J13 -> 0.502656 | Q13: =N13-D13 -> 13 | R13: =Q13/D13 -> 0.013
A14: 06 | B14: 683WK | C14: Blue Marl | D14: 1370 | E14: ='683WK'!M32 -> 1415 | F14: ='683WK'!N26 -> 20 | G14: =(K14*L14*M14)/1000000*F14 -> 0.62832 | K14: 51 | L14: 28 | M14: 22 | N14: =E14+H14 -> 1415 | O14: =F14+I14 -> 20 | P14: =G14+J14 -> 0.62832 | Q14: =N14-D14 -> 45 | R14: =Q14/D14 -> 0.032846715
A15: 07 | B15: 685WK | C15: Coral | D15: 1500 | E15: ='685WK'!M34 -> 1539 | F15: ='685WK'!N28 -> 22 | G15: =(K15*L15*M15)/1000000*F15 -> 0.691152 | K15: 51 | L15: 28 | M15: 22 | N15: =E15+H15 -> 1539 | O15: =F15+I15 -> 22 | P15: =G15+J15 -> 0.691152 | Q15: =N15-D15 -> 39 | R15: =Q15/D15 -> 0.026
A16: 08 | B16: 688WK | C16: Black | D16: 1550 | E16: ='688WK'!M32 -> 1569 | F16: ='688WK'!N26 -> 22 | G16: =(K16*L16*M16)/1000000*F16 -> 0.691152 | K16: 51 | L16: 28 | M16: 22 | N16: =E16+H16 -> 1569 | O16: =F16+I16 -> 22 | P16: =G16+J16 -> 0.691152 | Q16: =N16-D16 -> 19 | R16: =Q16/D16 -> 0.012258065
A17: 09 | B17: 220DF | C17: Black/Grey | D17: 1200 | E17: ='220DF'!M33 -> 1243 | F17: ='220DF'!N27 -> 33 | G17: =(K17*L17*M17)/1000000*F17 -> 1.65165 | K17: 55 | L17: 35 | M17: 26 | N17: =E17+H17 -> 1243 | O17: =F17+I17 -> 33 | P17: =G17+J17 -> 1.65165 | Q17: =N17-D17 -> 43 | R17: =Q17/D17 -> 0.035833333
A18: 10 | B18: 221DF | C18: Navy | D18: 1560 | E18: ='221DF'!M33 -> 1427 | F18: ='221DF'!N27 -> 38 | G18: =(K18*L18*M18)/1000000*F18 -> 1.9019 | K18: 55 | L18: 35 | M18: 26 | N18: =E18+H18 -> 1427 | O18: =F18+I18 -> 38 | P18: =G18+J18 -> 1.9019 | Q18: =N18-D18 -> -133 | R18: =Q18/D18 -> -0.08525641
A19: 11 | B19: 271R | C19: Black | D19: 1350 | E19: ='271R'!M32 -> 1420 | F19: ='271R'!N26 -> 50 | G19: =(K19*L19*M19)/1000000*F19 -> 2.5025 | K19: 55 | L19: 35 | M19: 26 | N19: =E19+H19 -> 1420 | O19: =F19+I19 -> 50 | P19: =G19+J19 -> 2.5025 | Q19: =N19-D19 -> 70 | R19: =Q19/D19 -> 0.051851852
A20: 12 | B20: KMP58 | C20: Navy | D20: 1650 | E20: ='KMP58'!M33 -> 1683 | F20: ='KMP58'!N27 -> 70 | G20: =(K20*L20*M20)/1000000*F20 -> 3.2032 | K20: 55 | L20: 32 | M20: 26 | N20: =E20+H20 -> 1683 | O20: =F20+I20 -> 70 | P20: =G20+J20 -> 3.2032 | Q20: =N20-D20 -> 33 | R20: =Q20/D20 -> 0.02
A21: 13 | B21: KMT41 | C21: Sage | D21: 1430 | E21: ='KMT41'!M34 -> 1470 | F21: ='KMT41'!N28 -> 29 | G21: =(K21*L21*M21)/1000000*F21 -> 1.45145 | K21: 55 | L21: 35 | M21: 26 | N21: =E21+H21 -> 1470 | O21: =F21+I21 -> 29 | P21: =G21+J21 -> 1.45145 | Q21: =N21-D21 -> 40 | R21: =Q21/D21 -> 0.027972028
A22: 14 | B22: KMT42 | C22: Teal | D22: 1300 | E22: ='KMT42'!M33 -> 1337 | F22: ='KMT42'!N27 -> 28 | G22: =(K22*L22*M22)/1000000*F22 -> 1.4014 | K22: 55 | L22: 35 | M22: 26 | N22: =E22+H22 -> 1337 | O22: =F22+I22 -> 28 | P22: =G22+J22 -> 1.4014 | Q22: =N22-D22 -> 37 | R22: =Q22/D22 -> 0.028461538
A23: 15 | B23: KWH88 | C23: Black | D23: 1100 | E23: ='KWH88'!M33 -> 1104 | F23: ='KWH88'!N27 -> 52 | G23: =(K23*L23*M23)/1000000*F23 -> 5.1168 | K23: 60 | L23: 41 | M23: 40 | N23: =E23+H23 -> 1104 | O23: =F23+I23 -> 52 | P23: =G23+J23 -> 5.1168 | Q23: =N23-D23 -> 4 | R23: =Q23/D23 -> 0.0036363636
A24: 16 | B24: KWT70 | C24: Jade | D24: 1000 | E24: ='KWT70'!M33 -> 1029 | F24: ='KWT70'!N27 -> 19 | G24: =(K24*L24*M24)/1000000*F24 -> 0.81928 | K24: 55 | L24: 28 | M24: 28 | N24: =E24+H24 -> 1029 | O24: =F24+I24 -> 19 | P24: =G24+J24 -> 0.81928 | Q24: =N24-D24 -> 29 | R24: =Q24/D24 -> 0.029
A25: 17 | B25: 26QT | C25: Navy | D25: 2100 | E25: ='26QT'!M33 -> 2123 | F25: ='26QT'!N27 -> 40 | G25: =(K25*L25*M25)/1000000*F25 -> 2.002 | K25: 55 | L25: 35 | M25: 26 | N25: =E25+H25 -> 2123 | O25: =F25+I25 -> 40 | P25: =G25+J25 -> 2.002 | Q25: =N25-D25 -> 23 | R25: =Q25/D25 -> 0.010952381
A26: 18 | B26: 107KP | C26: Black | D26: 1650 | E26: ='107KP'!M31 -> 1694 | F26: ='107KP'!N25 -> 33 | G26: =(K26*L26*M26)/1000000*F26 -> 1.65165 | K26: 55 | L26: 35 | M26: 26 | N26: =E26+H26 -> 1694 | O26: =F26+I26 -> 33 | P26: =G26+J26 -> 1.65165 | Q26: =N26-D26 -> 44 | R26: =Q26/D26 -> 0.026666667
A27: 19 | B27: 134KP | C27: Vintage Green | D27: 1500 | E27: ='134KP'!M31 -> 1531 | F27: ='134KP'!N25 -> 30 | G27: =(K27*L27*M27)/1000000*F27 -> 1.5015 | K27: 55 | L27: 35 | M27: 26 | N27: =E27+H27 -> 1531 | O27: =F27+I27 -> 30 | P27: =G27+J27 -> 1.5015 | Q27: =N27-D27 -> 31 | R27: =Q27/D27 -> 0.020666667
A28: 20 | B28: 137KP | C28: Midnight | D28: 1860 | E28: ='137KP'!M34 -> 1904 | F28: ='137KP'!N28 -> 34 | G28: =(K28*L28*M28)/1000000*F28 -> 1.7017 | K28: 55 | L28: 35 | M28: 26 | N28: =E28+H28 -> 1904 | O28: =F28+I28 -> 34 | P28: =G28+J28 -> 1.7017 | Q28: =N28-D28 -> 44 | R28: =Q28/D28 -> 0.023655914
A29: 21 | B29: 160KP | C29: Alpine Blue | D29: 1700 | E29: ='160KP'!M32 -> 1735 | F29: ='160KP'!N26 -> 35 | G29: =(K29*L29*M29)/1000000*F29 -> 1.75175 | K29: 55 | L29: 35 | M29: 26 | N29: =E29+H29 -> 1735 | O29: =F29+I29 -> 35 | P29: =G29+J29 -> 1.75175 | Q29: =N29-D29 -> 35 | R29: =Q29/D29 -> 0.020588235
A30: 22 | B30: 600KP | C30: Black | D30: 1600 | E30: ='600KP'!M32 -> 1649 | F30: ='600KP'!N26 -> 32 | G30: =(K30*L30*M30)/1000000*F30 -> 1.6016 | K30: 55 | L30: 35 | M30: 26 | N30: =E30+H30 -> 1649 | O30: =F30+I30 -> 32 | P30: =G30+J30 -> 1.6016 | Q30: =N30-D30 -> 49 | R30: =Q30/D30 -> 0.030625
A31: 23 | B31: 604KP | C31: Kea Green | D31: 2000 | E31: ='604KP'!M32 -> 2056 | F31: ='604KP'!N26 -> 39 | G31: =(K31*L31*M31)/1000000*F31 -> 1.95195 | K31: 55 | L31: 35 | M31: 26 | N31: =E31+H31 -> 2056 | O31: =F31+I31 -> 39 | P31: =G31+J31 -> 1.95195 | Q31: =N31-D31 -> 56 | R31: =Q31/D31 -> 0.028
A32: 24 | B32: 606KP | C32: Klake Green | D32: 1470 | E32: ='606KP'!M32 -> 1507 | F32: ='606KP'!N26 -> 29 | G32: =(K32*L32*M32)/1000000*F32 -> 1.45145 | K32: 55 | L32: 35 | M32: 26 | N32: =E32+H32 -> 1507 | O32: =F32+I32 -> 29 | P32: =G32+J32 -> 1.45145 | Q32: =N32-D32 -> 37 | R32: =Q32/D32 -> 0.025170068
A33: 25 | B33: 08WK | C33: Carbon | D33: 1610 | E33: ='08WK'!M32 -> 1604 | F33: ='08WK'!N26 -> 32 | G33: =(K33*L33*M33)/1000000*F33 -> 1.6016 | K33: 55 | L33: 35 | M33: 26 | N33: =E33+H33 -> 1604 | O33: =F33+I33 -> 32 | P33: =G33+J33 -> 1.6016 | Q33: =N33-D33 -> -6 | R33: =Q33/D33 -> -0.0037267081
A34: 26 | B34: 14WK | C34: Black | D34: 1130 | E34: ='14WK'!M32 -> 1140 | F34: ='14WK'!N26 -> 25 | G34: =(K34*L34*M34)/1000000*F34 -> 1.25125 | K34: 55 | L34: 35 | M34: 26 | N34: =E34+H34 -> 1140 | O34: =F34+I34 -> 25 | P34: =G34+J34 -> 1.25125 | Q34: =N34-D34 -> 10 | R34: =Q34/D34 -> 0.0088495575
A35: 27 | B35: 75WK | C35: Cobalt Blue | D35: 1480 | E35: ='75WK'!M31 -> 1521 | F35: ='75WK'!N25 -> 29 | G35: =(K35*L35*M35)/1000000*F35 -> 1.45145 | K35: 55 | L35: 35 | M35: 26 | N35: =E35+H35 -> 1521 | O35: =F35+I35 -> 29 | P35: =G35+J35 -> 1.45145 | Q35: =N35-D35 -> 41 | R35: =Q35/D35 -> 0.027702703
A36: 28 | B36: 81WK | C36: Grey Marl | D36: 1200 | E36: ='81WK'!M32 -> 1190 | F36: ='81WK'!N26 -> 24 | G36: =(K36*L36*M36)/1000000*F36 -> 1.2012 | K36: 55 | L36: 35 | M36: 26 | N36: =E36+H36 -> 1190 | O36: =F36+I36 -> 24 | P36: =G36+J36 -> 1.2012 | Q36: =N36-D36 -> -10 | R36: =Q36/D36 -> -0.0083333333
A37: 29 | B37: 157WK | C37: Light Grey Marl | D37: 1060 | E37: ='157WK'!M32 -> 1071 | F37: ='157WK'!N26 -> 21 | G37: =(K37*L37*M37)/1000000*F37 -> 1.05105 | K37: 55 | L37: 35 | M37: 26 | N37: =E37+H37 -> 1071 | O37: =F37+I37 -> 21 | P37: =G37+J37 -> 1.05105 | Q37: =N37-D37 -> 11 | R37: =Q37/D37 -> 0.010377358
A38: 30 | B38: 161WK | C38: Slate Blue Marl | D38: 1410 | E38: ='161WK'!M33 -> 1427 | F38: ='161WK'!N27 -> 28 | G38: =(K38*L38*M38)/1000000*F38 -> 1.4014 | K38: 55 | L38: 35 | M38: 26 | N38: =E38+H38 -> 1427 | O38: =F38+I38 -> 28 | P38: =G38+J38 -> 1.4014 | Q38: =N38-D38 -> 17 | R38: =Q38/D38 -> 0.012056738
A39: 31 | B39: 165KA | C39: Khaki | D39: 1590 | E39: ='165KA'!M33 -> 1611 | F39: ='165KA'!N27 -> 33 | G39: =(K39*L39*M39)/1000000*F39 -> 1.65165 | K39: 55 | L39: 35 | M39: 26 | N39: =E39+H39 -> 1611 | O39: =F39+I39 -> 33 | P39: =G39+J39 -> 1.65165 | Q39: =N39-D39 -> 21 | R39: =Q39/D39 -> 0.013207547
A40: 32 | B40: 166NA | C40: Navy | D40: 1600 | E40: ='166NA'!M32 -> 1647 | F40: ='166NA'!N26 -> 32 | G40: =(K40*L40*M40)/1000000*F40 -> 1.6016 | K40: 55 | L40: 35 | M40: 26 | N40: =E40+H40 -> 1647 | O40: =F40+I40 -> 32 | P40: =G40+J40 -> 1.6016 | Q40: =N40-D40 -> 47 | R40: =Q40/D40 -> 0.029375
A41: 33 | B41: 168BL | C41: Black | D41: 1900 | E41: ='168BL'!M31 -> 1916 | F41: ='168BL'!N25 -> 37 | G41: =(K41*L41*M41)/1000000*F41 -> 1.85185 | K41: 55 | L41: 35 | M41: 26 | N41: =E41+H41 -> 1916 | O41: =F41+I41 -> 37 | P41: =G41+J41 -> 1.85185 | Q41: =N41-D41 -> 16 | R41: =Q41/D41 -> 0.0084210526
A42: 34 | B42: 169WK | C42: Teal | D42: 1530 | E42: ='169WK'!M33 -> 1581 | F42: ='169WK'!N27 -> 31 | G42: =(K42*L42*M42)/1000000*F42 -> 1.55155 | K42: 55 | L42: 35 | M42: 26 | N42: =E42+H42 -> 1581 | O42: =F42+I42 -> 31 | P42: =G42+J42 -> 1.55155 | Q42: =N42-D42 -> 51 | R42: =Q42/D42 -> 0.033333333
A43: 35 | B43: 171WK | C43: Teal Marl | D43: 1720 | E43: ='171WK'!M31 -> 1761 | F43: ='171WK'!N25 -> 34 | G43: =(K43*L43*M43)/1000000*F43 -> 1.7017 | K43: 55 | L43: 35 | M43: 26 | N43: =E43+H43 -> 1761 | O43: =F43+I43 -> 34 | P43: =G43+J43 -> 1.7017 | Q43: =N43-D43 -> 41 | R43: =Q43/D43 -> 0.023837209
A44: 36 | B44: 115KP | C44: Aqua | D44: 1650 | E44: ='115KP'!M33 -> 1706 | F44: ='115KP'!N27 -> 25 | G44: =(K44*L44*M44)/1000000*F44 -> 1.078 | K44: 55 | L44: 28 | M44: 28 | N44: =E44+H44 -> 1706 | O44: =F44+I44 -> 25 | P44: =G44+J44 -> 1.078 | Q44: =N44-D44 -> 56 | R44: =Q44/D44 -> 0.033939394
A45: 37 | B45: 119KP | C45: Black | D45: 1820 | E45: ='119KP'!M33 -> 1856 | F45: ='119KP'!N27 -> 27 | G45: =(K45*L45*M45)/1000000*F45 -> 1.16424 | K45: 55 | L45: 28 | M45: 28 | N45: =E45+H45 -> 1856 | O45: =F45+I45 -> 27 | P45: =G45+J45 -> 1.16424 | Q45: =N45-D45 -> 36 | R45: =Q45/D45 -> 0.01978022
A46: 38 | B46: 140KP | C46: Peach | D46: 1550 | E46: ='140KP'!M32 -> 1562 | F46: ='140KP'!N26 -> 21 | G46: =(K46*L46*M46)/1000000*F46 -> 0.90552 | K46: 55 | L46: 28 | M46: 28 | N46: =E46+H46 -> 1562 | O46: =F46+I46 -> 21 | P46: =G46+J46 -> 0.90552 | Q46: =N46-D46 -> 12 | R46: =Q46/D46 -> 0.0077419355
A47: 39 | B47: 173KP | C47: Black | D47: 1600 | E47: ='173KP'!M32 -> 1631 | F47: ='173KP'!N26 -> 24 | G47: =(K47*L47*M47)/1000000*F47 -> 1.03488 | K47: 55 | L47: 28 | M47: 28 | N47: =E47+H47 -> 1631 | O47: =F47+I47 -> 24 | P47: =G47+J47 -> 1.03488 | Q47: =N47-D47 -> 31 | R47: =Q47/D47 -> 0.019375
A48: 40 | B48: 24VT | C48: Carbon | D48: 1430 | E48: ='24VT'!M34 -> 1452 | F48: ='24VT'!N28 -> 26 | G48: =(K48*L48*M48)/1000000*F48 -> 1.12112 | K48: 55 | L48: 28 | M48: 28 | N48: =E48+H48 -> 1452 | O48: =F48+I48 -> 26 | P48: =G48+J48 -> 1.12112 | Q48: =N48-D48 -> 22 | R48: =Q48/D48 -> 0.015384615
A49: 41 | B49: 29FT | C49: Dusky Blue | D49: 1540 | E49: ='29FT'!M32 -> 1559 | F49: ='29FT'!N26 -> 28 | G49: =(K49*L49*M49)/1000000*F49 -> 1.20736 | K49: 55 | L49: 28 | M49: 28 | N49: =E49+H49 -> 1559 | O49: =F49+I49 -> 28 | P49: =G49+J49 -> 1.20736 | Q49: =N49-D49 -> 19 | R49: =Q49/D49 -> 0.012337662
A50: 42 | B50: 31VT | C50: Coral | D50: 1050 | E50: ='31VT'!M32 -> 1055 | F50: ='31VT'!N26 -> 16 | G50: =(K50*L50*M50)/1000000*F50 -> 0.68992 | K50: 55 | L50: 28 | M50: 28 | N50: =E50+H50 -> 1055 | O50: =F50+I50 -> 16 | P50: =G50+J50 -> 0.68992 | Q50: =N50-D50 -> 5 | R50: =Q50/D50 -> 0.0047619048
A51: 43 | B51: 32FT | C51: Cerise | D51: 1600 | E51: ='32FT'!M32 -> 1629 | F51: ='32FT'!N26 -> 28 | G51: =(K51*L51*M51)/1000000*F51 -> 1.20736 | K51: 55 | L51: 28 | M51: 28 | N51: =E51+H51 -> 1629 | O51: =F51+I51 -> 28 | P51: =G51+J51 -> 1.20736 | Q51: =N51-D51 -> 29 | R51: =Q51/D51 -> 0.018125
A52: 44 | B52: 39VT | C52: Azure Green | D52: 1750 | E52: ='39VT'!M32 -> 1785 | F52: ='39VT'!N26 -> 30 | G52: =(K52*L52*M52)/1000000*F52 -> 1.2936 | K52: 55 | L52: 28 | M52: 28 | N52: =E52+H52 -> 1785 | O52: =F52+I52 -> 30 | P52: =G52+J52 -> 1.2936 | Q52: =N52-D52 -> 35 | R52: =Q52/D52 -> 0.02
A53: 45 | B53: 50FT | C53: Light Blue | D53: 1060 | E53: ='50FT'!M32 -> 1084 | F53: ='50FT'!N26 -> 19 | G53: =(K53*L53*M53)/1000000*F53 -> 0.81928 | K53: 55 | L53: 28 | M53: 28 | N53: =E53+H53 -> 1084 | O53: =F53+I53 -> 19 | P53: =G53+J53 -> 0.81928 | Q53: =N53-D53 -> 24 | R53: =Q53/D53 -> 0.022641509
A54: 46 | B54: 60FT | C54: Dusky Blue | D54: 1180 | E54: ='60FT'!M31 -> 1207 | F54: ='60FT'!N25 -> 23 | G54: =(K54*L54*M54)/1000000*F54 -> 0.99176 | K54: 55 | L54: 28 | M54: 28 | N54: =E54+H54 -> 1207 | O54: =F54+I54 -> 23 | P54: =G54+J54 -> 0.99176 | Q54: =N54-D54 -> 27 | R54: =Q54/D54 -> 0.022881356
A55: 47 | B55: 61FT | C55: Black | D55: 1100 | E55: ='61FT'!M33 -> 1124 | F55: ='61FT'!N27 -> 19 | G55: =(K55*L55*M55)/1000000*F55 -> 0.81928 | K55: 55 | L55: 28 | M55: 28 | N55: =E55+H55 -> 1124 | O55: =F55+I55 -> 19 | P55: =G55+J55 -> 0.81928 | Q55: =N55-D55 -> 24 | R55: =Q55/D55 -> 0.021818182
D56: =SUM(D9:D55) -> 70270 | E56: =SUM(E9:E55) -> 71498 | F56: =SUM(F9:F55) -> 1381 | G56: =SUM(G9:G55) -> 65.902448 | H56: =SUM(H9:H55) -> 0 | I56: =SUM(I9:I55) -> 0 | J56: =SUM(J9:J55) -> 0 | N56: =E56+H56 -> 71498 | O56: =F56+I56 -> 1381 | P56: =G56+J56 -> 65.902448 | Q56: =SUM(Q9:Q55) -> 1228 | R56: =SUM(R9:R55)/47 -> 0.017462486
